,one,two,three,four,five,six,seven,eight,nine,label
3,AAR2_YEAST,0.58,0.44,0.57,0.13,0.5,0.0,0.54,0.22,Positive
5,AATC_YEAST,0.51,0.4,0.56,0.17,0.5,0.5,0.49,0.22,Positive
7,BAF1_YEAST,0.48,0.45,0.59,0.2,0.5,0.0,0.58,0.34,Positive
9,ABP1_YEAST,0.4,0.39,0.6,0.15,0.5,0.0,0.58,0.3,Positive
10,ACE1_YEAST,0.43,0.39,0.54,0.21,0.5,0.0,0.53,0.27,Positive
11,ACE2_YEAST,0.42,0.37,0.59,0.2,0.5,0.0,0.52,0.29,Positive
12,ACH1_YEAST,0.4,0.42,0.57,0.35,0.5,0.0,0.53,0.25,Positive
15,ACT_YEAST,0.46,0.44,0.52,0.11,0.5,0.0,0.5,0.22,Positive
16,ACT2_YEAST,0.47,0.39,0.5,0.11,0.5,0.0,0.49,0.4,Positive
17,ACT3_YEAST,0.58,0.47,0.54,0.11,0.5,0.0,0.51,0.26,Positive
18,ACT5_YEAST,0.5,0.34,0.55,0.21,0.5,0.0,0.49,0.22,Positive
19,ADA2_YEAST,0.61,0.6,0.55,0.21,0.5,0.0,0.5,0.25,Positive
20,C1TC_YEAST,0.45,0.4,0.5,0.16,0.5,0.0,0.5,0.22,Positive
21,PUR4_YEAST,0.43,0.44,0.48,0.22,0.5,0.0,0.51,0.22,Positive
22,PUR3_YEAST,0.73,0.63,0.42,0.3,0.5,0.0,0.49,0.22,Positive
23,ADH1_YEAST,0.43,0.53,0.52,0.13,0.5,0.0,0.55,0.22,Positive
24,ADH2_YEAST,0.46,0.53,0.52,0.15,0.5,0.0,0.58,0.22,Positive
26,ADH4_YEAST,0.59,0.45,0.53,0.19,0.5,0.0,0.59,0.27,Positive
27,KAD1_YEAST,0.57,0.47,0.6,0.18,0.5,0.0,0.51,0.22,Positive
30,ADR1_YEAST,0.53,0.54,0.43,0.1,0.5,0.0,0.57,0.32,Positive
32,AFR1_YEAST,0.38,0.61,0.61,0.12,0.5,0.0,0.53,0.47,Positive
33,RCS1_YEAST,0.33,0.55,0.51,0.43,0.5,0.0,0.51,0.22,Positive
37,SYAC_YEAST,0.4,0.45,0.57,0.18,0.5,0.0,0.56,0.26,Positive
44,MAN1_YEAST,0.37,0.36,0.56,0.18,0.5,0.0,0.48,0.26,negative
45,ANC1_YEAST,0.53,0.31,0.58,0.39,0.5,0.0,0.47,0.37,Positive
48,APE3_YEAST,0.74,0.57,0.51,0.28,0.5,0.0,0.58,0.22,negative
50,ADB2_YEAST,0.48,0.39,0.51,0.21,0.5,0.0,0.52,0.28,Positive
52,APN1_YEAST,0.45,0.46,0.55,0.43,0.5,0.0,0.55,0.38,Positive
53,ARD1_YEAST,0.56,0.48,0.58,0.27,0.5,0.0,0.51,0.22,Positive
54,ARF1_YEAST,0.64,0.59,0.56,0.23,0.5,0.0,0.46,0.22,Positive
55,ARF2_YEAST,0.64,0.56,0.56,0.22,0.5,0.0,0.45,0.22,Positive
56,ASSY_YEAST,0.66,0.62,0.49,0.1,0.5,0.0,0.49,0.22,Positive
57,OTC_YEAST,0.53,0.44,0.51,0.33,0.5,0.0,0.55,0.22,Positive
58,ARLY_YEAST,0.38,0.49,0.53,0.19,0.5,0.0,0.5,0.22,Positive
61,ARG1_YEAST,0.37,0.32,0.47,0.18,0.5,0.0,0.45,0.25,Positive
62,ARG2_YEAST,0.48,0.43,0.51,0.32,0.5,0.0,0.52,0.43,Positive
63,ARG3_YEAST,0.41,0.46,0.59,0.19,0.5,0.0,0.58,0.27,Positive
64,ARO1_YEAST,0.54,0.48,0.44,0.08,0.5,0.0,0.52,0.27,Positive
65,AROC_YEAST,0.6,0.47,0.45,0.22,0.5,0.0,0.51,0.29,Positive
66,AROF_YEAST,0.34,0.46,0.57,0.09,0.5,0.0,0.55,0.22,Positive
67,AROG_YEAST,0.48,0.54,0.55,0.12,0.5,0.0,0.51,0.22,Positive
68,CHMU_YEAST,0.47,0.39,0.59,0.15,0.5,0.0,0.57,0.22,Positive
70,AST1_YEAST,0.48,0.42,0.52,0.24,0.5,0.0,0.56,0.22,Positive
71,ATE1_YEAST,0.58,0.51,0.49,0.27,0.5,0.0,0.57,0.29,Positive
88,BAS1_YEAST,0.5,0.52,0.59,0.3,0.5,0.0,0.51,0.35,Positive
89,BCK1_YEAST,0.42,0.47,0.52,0.41,0.5,0.0,0.53,0.32,Positive
90,BCK2_YEAST,0.36,0.46,0.62,0.46,0.5,0.0,0.51,0.33,Positive
92,KAPR_YEAST,0.4,0.45,0.56,0.2,0.5,0.0,0.45,0.22,Positive
93,BDF1_YEAST,0.33,0.43,0.64,0.16,0.5,0.0,0.52,0.52,Positive
94,BEM1_YEAST,0.49,0.61,0.49,0.25,0.5,0.0,0.5,0.28,Positive
99,BIK1_YEAST,0.64,0.57,0.57,0.27,0.5,0.0,0.37,0.22,Positive
102,BUD5_YEAST,0.47,0.52,0.5,0.4,0.5,0.0,0.41,0.22,Positive
103,CAD1_YEAST,0.48,0.23,0.57,0.27,0.5,0.0,0.48,0.47,Positive
104,CAP2_YEAST,0.47,0.39,0.55,0.24,0.5,0.0,0.47,0.22,Positive
106,CAPA_YEAST,0.42,0.35,0.54,0.18,0.5,0.0,0.56,0.22,Positive
107,CAPB_YEAST,0.3,0.56,0.55,0.18,0.5,0.0,0.5,0.22,Positive
108,ARGI_YEAST,0.65,0.65,0.52,0.16,0.5,0.0,0.6,0.22,Positive
109,OAT_YEAST,0.27,0.6,0.48,0.23,0.5,0.0,0.55,0.22,Positive
110,CACP_YEAST,0.45,0.41,0.5,0.46,0.5,0.5,0.5,0.27,Positive
111,CAT8_YEAST,0.44,0.52,0.41,0.23,0.5,0.0,0.51,0.22,Positive
112,CBF1_YEAST,0.3,0.32,0.57,0.19,0.5,0.0,0.48,0.55,Positive
113,CB32_YEAST,0.4,0.44,0.49,0.47,0.5,0.0,0.49,0.27,Positive
114,CBF5_YEAST,0.45,0.51,0.5,0.16,0.5,0.0,0.52,1.0,Positive
126,CCL1_YEAST,0.4,0.38,0.53,0.16,0.5,0.0,0.52,0.27,Positive
128,CCR4_YEAST,0.53,0.51,0.55,0.05,0.5,0.0,0.45,0.25,Positive
129,CTPT_YEAST,0.41,0.4,0.59,0.47,0.5,0.0,0.48,0.43,Positive
130,CC10_YEAST,0.5,0.64,0.57,0.15,0.5,0.0,0.47,0.22,Positive
131,CC11_YEAST,0.4,0.62,0.52,0.31,0.5,0.0,0.49,0.31,Positive
132,CC12_YEAST,0.6,0.5,0.57,0.25,0.5,0.0,0.41,0.26,Positive
133,CC16_YEAST,0.62,0.51,0.52,0.42,0.5,0.0,0.54,0.27,Positive
134,CC23_YEAST,0.35,0.58,0.54,0.16,0.5,0.0,0.51,0.22,Positive
135,CC24_YEAST,0.34,0.54,0.5,0.21,0.5,0.0,0.54,0.31,Positive
137,CC27_YEAST,0.48,0.54,0.5,0.17,0.5,0.0,0.53,0.22,Positive
138,CDC3_YEAST,0.29,0.32,0.58,0.15,0.5,0.0,0.5,0.3,Positive
139,CC31_YEAST,0.47,0.32,0.64,0.3,0.5,0.0,0.63,0.22,Positive
140,IF4E_YEAST,0.39,0.47,0.56,0.16,0.5,0.0,0.47,0.22,Positive
141,UBC3_YEAST,0.58,0.48,0.51,0.47,0.5,0.0,0.55,0.22,Positive
142,NOT2_YEAST,0.64,0.6,0.57,0.19,0.5,0.0,0.43,0.22,Positive
143,NOT1_YEAST,0.37,0.46,0.4,0.27,0.5,0.0,0.45,0.22,Positive
144,CC4_YEAST,0.43,0.57,0.53,0.16,0.5,0.0,0.54,0.22,Positive
145,CC40_YEAST,0.28,0.37,0.61,0.09,0.5,0.0,0.52,0.55,Positive
146,CC42_YEAST,0.59,0.48,0.5,0.14,0.5,0.0,0.45,0.25,Positive
147,CAL1_YEAST,0.39,0.55,0.48,0.31,0.5,0.0,0.54,0.29,Positive
148,RFC1_YEAST,0.26,0.36,0.47,0.34,0.5,0.0,0.53,0.72,Positive
149,CC46_YEAST,0.51,0.34,0.5,0.19,0.5,0.0,0.5,0.22,Positive
150,YB52_YEAST,0.58,0.5,0.5,0.12,0.5,0.0,0.48,0.25,Positive
151,CC48_YEAST,0.44,0.39,0.53,0.14,0.5,0.0,0.54,0.44,Positive
152,CC6_YEAST,0.41,0.39,0.44,0.34,0.5,0.0,0.48,0.4,Positive
153,SYLC_YEAST,0.45,0.43,0.51,0.24,0.5,0.0,0.54,0.33,Positive
154,CC68_YEAST,0.36,0.68,0.46,0.16,0.5,0.0,0.53,0.28,Positive
155,CC7_YEAST,0.42,0.31,0.5,0.15,0.5,0.0,0.53,0.22,Positive
156,KTHY_YEAST,0.42,0.43,0.56,0.1,0.5,0.0,0.49,0.22,Positive
157,DNLI_YEAST,0.67,0.71,0.52,0.65,0.5,0.0,0.53,0.36,Positive
158,MCE1_YEAST,0.49,0.47,0.53,0.16,0.5,0.0,0.48,0.27,Positive
160,RLUB_YEAST,0.4,0.42,0.71,0.21,0.5,0.0,0.54,0.32,Positive
161,RLUB_YEAST,0.4,0.42,0.71,0.21,0.5,0.0,0.54,0.32,Positive
162,CLH_YEAST,0.54,0.49,0.49,0.2,0.5,0.0,0.52,0.22,Positive
163,CHL1_YEAST,0.42,0.51,0.5,0.12,0.5,0.0,0.52,0.46,Positive
164,CHL4_YEAST,0.57,0.51,0.53,0.18,0.5,0.0,0.56,0.25,Positive
170,CIK1_YEAST,0.31,0.44,0.53,0.23,0.5,0.0,0.51,0.32,Positive
171,CIN1_YEAST,0.48,0.61,0.44,0.2,0.5,0.0,0.47,0.22,Positive
172,CIN4_YEAST,0.66,0.45,0.5,0.23,0.5,0.0,0.49,0.22,Positive
173,CIN8_YEAST,0.21,0.41,0.55,0.11,0.5,0.0,0.5,0.27,Positive
175,CISZ_YEAST,0.44,0.38,0.48,0.32,0.5,0.83,0.53,0.22,Positive
176,KC21_YEAST,0.31,0.31,0.56,0.33,0.5,0.0,0.52,0.33,Positive
177,KC22_YEAST,0.49,0.31,0.49,0.35,0.5,0.0,0.51,0.29,Positive
178,KC2C_YEAST,0.38,0.37,0.56,0.21,0.5,0.0,0.49,0.22,Positive
179,KICH_YEAST,0.39,0.4,0.53,0.67,0.5,0.0,0.47,0.22,Positive
180,CLC1_YEAST,0.24,0.34,0.69,0.18,0.5,0.0,0.52,0.22,Positive
181,CG11_YEAST,0.49,0.43,0.51,0.13,0.5,0.0,0.47,0.22,Positive
182,CG12_YEAST,0.54,0.38,0.52,0.18,0.5,0.0,0.48,0.22,Positive
183,CG13_YEAST,0.43,0.57,0.53,0.53,0.5,0.0,0.53,0.25,Positive
184,CALM_YEAST,0.48,0.64,0.61,0.23,0.5,0.0,0.6,0.22,Positive
185,KCC1_YEAST,0.31,0.55,0.52,0.17,0.5,0.0,0.52,0.22,Positive
186,KCC2_YEAST,0.32,0.57,0.5,0.15,0.5,0.0,0.53,0.22,Positive
187,P2B1_YEAST,0.32,0.42,0.52,0.24,0.5,0.0,0.6,0.22,Positive
188,P2B2_YEAST,0.59,0.5,0.52,0.28,0.5,0.0,0.55,0.25,Positive
189,CALB_YEAST,0.37,0.42,0.51,0.11,0.5,0.0,0.57,0.22,Positive
192,COFI_YEAST,0.44,0.42,0.6,0.21,0.5,0.0,0.57,0.22,Positive
213,CARA_YEAST,0.53,0.51,0.46,0.28,0.5,0.0,0.48,0.22,Positive
214,CARB_YEAST,0.35,0.66,0.49,0.21,0.5,0.0,0.54,0.25,Positive
215,CYPH_YEAST,0.52,0.4,0.6,0.12,0.5,0.0,0.55,0.22,Positive
219,CYPD_YEAST,0.78,0.74,0.58,0.25,1.0,0.0,0.53,0.22,Positive
220,CBPS_YEAST,0.7,0.65,0.54,0.28,0.5,0.0,0.6,0.4,negative
222,CRM1_YEAST,0.56,0.52,0.48,0.17,0.5,0.0,0.46,0.22,Positive
223,R141_YEAST,0.57,0.41,0.59,0.24,0.5,0.0,0.4,0.22,Positive
224,R142_YEAST,0.56,0.41,0.58,0.21,0.5,0.0,0.42,0.22,Positive
225,CSE1_YEAST,0.58,0.56,0.45,0.12,0.5,0.0,0.51,0.22,Positive
226,CSE2_YEAST,0.53,0.38,0.66,0.25,0.5,0.0,0.43,0.22,Positive
227,YKE9_YEAST,0.34,0.36,0.54,0.11,0.5,0.0,0.36,0.21,Positive
229,CATA_YEAST,0.37,0.53,0.6,0.19,0.5,0.5,0.42,0.22,Positive
230,CB33_YEAST,0.41,0.45,0.53,0.17,0.5,0.0,0.51,0.25,Positive
231,CTK1_YEAST,0.31,0.46,0.54,0.52,0.5,0.0,0.5,0.34,Positive
235,CATT_YEAST,0.41,0.51,0.58,0.15,0.5,0.0,0.45,0.27,Positive
236,MTC_YEAST,0.38,0.51,0.75,0.17,0.5,0.0,0.55,0.22,Positive
237,MTC_YEAST,0.38,0.51,0.75,0.17,0.5,0.0,0.55,0.22,Positive
243,RL2A_YEAST,0.45,0.27,0.57,0.36,0.5,0.0,0.52,0.18,Positive
244,CYAA_YEAST,0.2,0.26,0.52,0.14,0.5,0.0,0.53,0.44,Positive
245,CYS3_YEAST,0.51,0.53,0.55,0.14,0.5,0.0,0.51,0.22,Positive
250,MASZ_YEAST,0.44,0.53,0.52,0.23,0.5,0.83,0.51,0.22,Positive
251,DA80_YEAST,0.59,0.58,0.56,0.21,0.5,0.0,0.54,0.33,Positive
252,DA81_YEAST,0.39,0.28,0.46,0.12,0.5,0.0,0.41,0.22,Positive
253,DA82_YEAST,0.56,0.43,0.54,0.16,0.5,0.0,0.5,0.22,Positive
254,DAP2_YEAST,0.36,0.68,0.38,0.08,0.5,0.0,0.53,0.25,negative
255,DATI_YEAST,0.27,0.36,0.6,0.33,0.5,0.0,0.37,0.31,Positive
256,DBF4_YEAST,0.35,0.4,0.59,0.22,0.5,0.0,0.47,0.37,Positive
257,DBP1_YEAST,0.42,0.32,0.5,0.21,0.5,0.0,0.51,0.22,Positive
258,DBP2_YEAST,0.23,0.2,0.53,0.2,0.5,0.0,0.44,0.22,Positive
259,DBR1_YEAST,0.55,0.54,0.56,0.22,0.5,0.0,0.5,0.37,Positive
260,DED1_YEAST,0.36,0.24,0.49,0.16,0.5,0.0,0.51,0.22,Positive
261,DEP1_YEAST,0.38,0.48,0.59,0.22,0.5,0.0,0.46,0.22,Positive
262,DYR_YEAST,0.8,0.46,0.5,0.15,0.5,0.0,0.53,0.22,Positive
263,DYHC_YEAST,0.6,0.56,0.47,0.2,0.5,0.0,0.5,0.38,Positive
264,DHH1_YEAST,0.41,0.24,0.54,0.26,0.5,0.0,0.41,0.22,Positive
266,DMC1_YEAST,0.43,0.39,0.54,0.14,0.5,0.0,0.47,0.22,Positive
267,DPB2_YEAST,0.5,0.51,0.52,0.09,0.5,0.0,0.48,0.25,Positive
268,DPB3_YEAST,0.53,0.61,0.52,0.21,0.5,0.0,0.55,0.3,Positive
270,SYDC_YEAST,0.46,0.35,0.53,0.16,0.5,0.0,0.51,0.29,Positive
271,DRS1_YEAST,0.46,0.43,0.49,0.79,0.5,0.0,0.49,0.63,Positive
273,DSS4_YEAST,0.56,0.52,0.55,0.19,0.5,0.0,0.54,0.22,Positive
274,TFS2_YEAST,0.61,0.3,0.59,0.12,0.5,0.0,0.49,0.27,Positive
275,DUN1_YEAST,0.37,0.53,0.46,0.23,0.5,0.0,0.47,0.22,Positive
277,EF1B_YEAST,0.39,0.45,0.53,0.18,0.5,0.0,0.54,0.22,Positive
278,EF2_YEAST,0.52,0.54,0.5,0.21,0.5,0.0,0.48,0.3,Positive
279,EGD1_YEAST,0.35,0.39,0.57,0.11,0.5,0.0,0.48,0.22,Positive
282,END3_YEAST,0.55,0.46,0.53,0.11,0.5,0.0,0.52,0.48,Positive
283,ENO1_YEAST,0.45,0.56,0.54,0.32,0.5,0.0,0.57,0.22,Positive
284,ENO2_YEAST,0.45,0.56,0.53,0.32,0.5,0.0,0.57,0.22,Positive
289,THIL_YEAST,0.54,0.65,0.49,0.34,0.5,0.0,0.52,0.22,Positive
291,KIME_YEAST,0.59,0.58,0.46,0.19,0.5,0.0,0.56,0.27,Positive
293,FPPS_YEAST,0.55,0.56,0.45,0.14,0.5,0.0,0.54,0.22,Positive
297,ERG6_YEAST,0.32,0.47,0.55,0.12,0.5,0.0,0.52,0.22,Positive
299,ERG8_YEAST,0.62,0.58,0.46,0.13,0.5,0.0,0.53,0.22,Positive
302,ESP1_YEAST,0.55,0.46,0.46,0.31,0.5,0.0,0.58,0.48,Positive
303,EST1_YEAST,0.35,0.6,0.47,0.13,0.5,0.0,0.52,0.43,Positive
304,EUG1_YEAST,0.77,0.8,0.51,0.4,1.0,0.0,0.54,0.22,Positive
306,LCF2_YEAST,0.35,0.46,0.49,0.15,1.0,0.0,0.55,0.35,Positive
307,FAD1_YEAST,0.43,0.51,0.48,0.14,0.5,0.0,0.5,0.22,Positive
308,FAS1_YEAST,0.57,0.61,0.45,0.26,0.5,0.0,0.5,0.22,Positive
309,FAS2_YEAST,0.63,0.62,0.42,0.12,0.5,0.0,0.52,0.25,Positive
310,COAC_YEAST,0.25,0.4,0.51,0.18,0.5,0.0,0.5,0.27,Positive
311,ALF_YEAST,0.56,0.62,0.53,0.24,0.5,0.0,0.57,0.22,Positive
312,F16P_YEAST,0.58,0.6,0.51,0.24,0.5,0.0,0.53,0.22,Positive
313,F26_YEAST,0.71,0.59,0.53,0.15,0.5,0.0,0.49,0.33,Positive
317,FHL1_YEAST,0.33,0.44,0.49,0.08,0.5,0.0,0.48,0.49,Positive
319,FOX2_YEAST,0.69,0.6,0.51,0.13,0.5,0.83,0.52,0.22,Positive
320,THIK_YEAST,0.46,0.48,0.44,0.21,0.5,0.0,0.55,0.22,Positive
321,FKBP_YEAST,0.35,0.36,0.57,0.17,0.5,0.0,0.52,0.22,Positive
323,FKB3_YEAST,0.54,0.57,0.52,0.19,0.5,0.0,0.59,0.67,Positive
327,SYFA_YEAST,0.45,0.4,0.56,0.14,0.5,0.0,0.54,0.22,Positive
328,SYFB_YEAST,0.47,0.47,0.58,0.16,0.5,0.0,0.49,0.28,Positive
329,FUMH_YEAST,0.41,0.39,0.51,0.52,0.5,0.0,0.49,0.22,Positive
331,FUR1_YEAST,0.69,0.6,0.5,0.31,0.5,0.0,0.55,0.22,Positive
334,FUS3_YEAST,0.51,0.58,0.54,0.29,0.5,0.0,0.53,0.22,Positive
335,FZF1_YEAST,0.37,0.43,0.62,0.27,0.5,0.0,0.48,0.22,Positive
336,GAC1_YEAST,0.55,0.66,0.57,0.32,0.5,0.0,0.57,0.34,Positive
337,GAL1_YEAST,0.48,0.35,0.42,0.21,0.5,0.0,0.57,0.22,Positive
338,GALX_YEAST,0.62,0.58,0.52,0.15,0.5,0.0,0.52,0.29,Positive
339,GALY_YEAST,0.56,0.59,0.53,0.16,0.5,0.0,0.24,0.42,Positive
341,GAL4_YEAST,0.44,0.44,0.49,0.15,0.5,0.0,0.46,0.27,Positive
342,GAL7_YEAST,0.5,0.5,0.48,0.17,0.5,0.0,0.47,0.26,Positive
343,GAL8_YEAST,0.6,0.6,0.49,0.3,0.5,0.0,0.53,0.22,Positive
345,GAR1_YEAST,0.35,0.68,0.57,0.4,0.5,0.0,0.53,0.36,Positive
347,GBP2_YEAST,0.23,0.3,0.58,0.22,0.5,0.0,0.48,0.27,Positive
348,E2BG_YEAST,0.45,0.42,0.52,0.2,0.5,0.0,0.5,0.25,Positive
349,IF2G_YEAST,0.51,0.35,0.46,0.15,0.5,0.0,0.51,0.42,Positive
350,E2BD_YEAST,0.42,0.39,0.47,0.13,0.5,0.0,0.5,0.27,Positive
351,E2BE_YEAST,0.32,0.38,0.52,0.2,0.5,0.0,0.52,0.28,Positive
352,E2BB_YEAST,0.59,0.65,0.52,0.3,0.5,0.0,0.46,0.31,Positive
353,GCN1_YEAST,0.41,0.52,0.41,0.11,0.5,0.0,0.54,0.35,Positive
354,GCN2_YEAST,0.37,0.33,0.5,0.12,0.5,0.0,0.51,0.54,Positive
355,E2BA_YEAST,0.45,0.56,0.49,0.17,0.5,0.0,0.52,0.22,Positive
356,GCN4_YEAST,0.56,0.54,0.59,0.14,0.5,0.0,0.52,0.27,Positive
357,GCN5_YEAST,0.31,0.31,0.54,0.18,0.5,0.0,0.52,0.29,Positive
358,GCR1_YEAST,0.27,0.51,0.47,0.35,0.5,0.0,0.49,0.28,Positive
359,GCR2_YEAST,0.54,0.56,0.57,0.18,0.5,0.0,0.45,0.25,Positive
360,GCR3_YEAST,0.17,0.38,0.45,0.09,0.5,0.0,0.54,0.27,Positive
361,GCS1_YEAST,0.43,0.51,0.54,0.15,0.5,0.0,0.45,0.26,Positive
362,GCY_YEAST,0.6,0.4,0.59,0.18,0.5,0.0,0.48,0.22,Positive
364,DHE4_YEAST,0.38,0.47,0.53,0.12,0.5,0.0,0.48,0.22,Positive
365,DHE2_YEAST,0.59,0.43,0.52,0.19,0.5,0.0,0.55,0.27,Positive
366,GDI1_YEAST,0.64,0.53,0.45,0.13,0.5,0.0,0.53,0.22,Positive
368,GFA1_YEAST,0.52,0.51,0.51,0.12,0.5,0.0,0.51,0.4,Positive
369,GLGB_YEAST,0.49,0.43,0.48,0.15,0.5,0.0,0.55,0.25,Positive
370,PP12_YEAST,0.49,0.47,0.52,0.16,0.5,0.0,0.53,0.28,Positive
371,HXKG_YEAST,0.48,0.39,0.49,0.18,0.5,0.0,0.51,0.22,Positive
372,GLNA_YEAST,0.44,0.34,0.55,0.18,0.5,0.0,0.52,0.22,Positive
373,GLN3_YEAST,0.43,0.54,0.58,0.16,0.5,0.0,0.5,0.36,Positive
374,SYQ_YEAST,0.49,0.42,0.54,0.17,0.5,0.0,0.5,0.36,Positive
375,GLO3_YEAST,0.34,0.66,0.51,0.16,0.5,0.0,0.47,0.33,Positive
377,6PGD_YEAST,0.74,0.53,0.5,0.08,0.5,0.0,0.55,0.31,Positive
379,GBA1_YEAST,0.3,0.5,0.47,0.11,0.5,0.0,0.46,0.22,Positive
380,GPDA_YEAST,0.44,0.51,0.48,0.38,0.5,0.0,0.52,0.22,Positive
381,PHSG_YEAST,0.31,0.45,0.5,0.17,0.5,0.0,0.49,0.22,Positive
382,PMGY_YEAST,0.55,0.41,0.56,0.21,0.5,0.0,0.52,0.22,Positive
383,PHO2_YEAST,0.4,0.34,0.52,0.17,0.5,0.0,0.47,0.51,Positive
384,SYG_YEAST,0.4,0.48,0.5,0.17,0.5,0.0,0.54,0.5,Positive
385,GSP1_YEAST,0.58,0.48,0.56,0.1,0.5,0.0,0.46,0.25,Positive
386,GSP2_YEAST,0.58,0.48,0.56,0.12,0.5,0.0,0.46,0.25,Positive
387,UGS1_YEAST,0.58,0.45,0.48,0.24,0.5,0.0,0.52,0.37,Positive
388,UGS2_YEAST,0.58,0.41,0.51,0.26,0.5,0.0,0.51,0.37,Positive
389,GTS1_YEAST,0.41,0.6,0.53,0.29,0.5,0.0,0.47,0.43,Positive
391,HAL1_YEAST,0.38,0.49,0.61,0.13,0.5,0.0,0.54,0.22,Positive
392,CYP1_YEAST,0.6,0.48,0.44,0.52,0.5,0.0,0.54,0.63,Positive
393,HAP2_YEAST,0.47,0.49,0.63,0.17,0.5,0.0,0.31,0.26,Positive
394,HAP3_YEAST,0.28,0.51,0.55,0.11,0.5,0.0,0.46,0.22,Positive
395,HAP4_YEAST,0.56,0.57,0.63,0.39,1.0,0.0,0.59,0.4,Positive
396,HBS1_YEAST,0.21,0.38,0.49,0.16,0.5,0.0,0.51,0.45,Positive
397,HCM1_YEAST,0.46,0.57,0.57,0.15,0.5,0.0,0.52,0.26,Positive
398,HDF1_YEAST,0.43,0.42,0.54,0.22,0.5,0.0,0.57,0.33,Positive
400,DCUP_YEAST,0.48,0.34,0.47,0.14,0.5,0.0,0.47,0.26,Positive
401,HEM6_YEAST,0.35,0.4,0.53,0.18,0.5,0.0,0.42,0.38,Positive
403,HEM2_YEAST,0.53,0.43,0.47,0.15,0.5,0.0,0.58,0.22,Positive
404,HEM3_YEAST,0.46,0.45,0.56,0.16,0.5,0.0,0.56,0.22,Positive
405,HEX2_YEAST,0.44,0.42,0.62,0.14,0.5,0.0,0.55,0.37,Positive
406,H4_YEAST,0.37,0.34,0.58,0.24,0.5,0.0,0.44,0.18,Positive
407,H4_YEAST,0.37,0.34,0.58,0.24,0.5,0.0,0.44,0.18,Positive
408,H3_YEAST,0.39,0.39,0.55,0.52,0.5,0.0,0.37,0.16,Positive
409,H3_YEAST,0.39,0.39,0.55,0.52,0.5,0.0,0.37,0.16,Positive
411,HIR1_YEAST,0.48,0.57,0.5,0.09,0.5,0.0,0.52,0.42,Positive
412,HIR2_YEAST,0.61,0.57,0.45,0.21,0.5,0.0,0.5,0.42,Positive
413,HIS7_YEAST,0.56,0.44,0.56,0.19,0.5,0.0,0.54,0.22,Positive
416,MAT1_YEAST,0.37,0.22,0.64,0.35,0.5,0.0,0.47,0.22,Positive
417,MAT2_YEAST,0.51,0.48,0.58,0.22,0.5,0.0,0.5,0.28,Positive
418,MTA1_YEAST,0.49,0.37,0.59,0.17,0.5,0.0,0.51,0.22,Positive
419,MAT2_YEAST,0.51,0.48,0.58,0.22,0.5,0.0,0.5,0.28,Positive
420,HO_YEAST,0.53,0.53,0.53,0.17,0.5,0.0,0.49,0.37,Positive
421,HOP1_YEAST,0.29,0.68,0.47,0.26,0.5,0.0,0.47,0.37,Positive
422,HPR1_YEAST,0.5,0.45,0.49,0.15,0.5,0.0,0.55,0.43,Positive
425,HR25_YEAST,0.43,0.39,0.51,0.28,0.5,0.0,0.4,0.22,Positive
426,HS83_YEAST,0.61,0.54,0.49,0.16,0.5,0.0,0.54,0.42,Positive
427,HSF_YEAST,0.34,0.35,0.61,0.19,0.5,0.0,0.52,0.25,Positive
429,H104_YEAST,0.66,0.62,0.52,0.17,0.5,0.0,0.49,0.22,Positive
430,HS26_YEAST,0.44,0.41,0.58,0.2,0.5,0.0,0.57,0.25,Positive
434,HS82_YEAST,0.61,0.54,0.49,0.19,0.5,0.0,0.54,0.47,Positive
435,H2A1_YEAST,0.44,0.53,0.52,0.37,0.5,0.0,0.5,0.22,Positive
436,H2A2_YEAST,0.44,0.53,0.52,0.37,0.5,0.0,0.5,0.22,Positive
437,H2B1_YEAST,0.32,0.34,0.61,0.17,0.5,0.0,0.52,0.32,Positive
438,H2B2_YEAST,0.34,0.34,0.61,0.18,0.5,0.0,0.52,0.32,Positive
440,HXKA_YEAST,0.41,0.3,0.49,0.28,0.5,0.0,0.54,0.22,Positive
441,HXKB_YEAST,0.41,0.43,0.5,0.28,0.5,0.0,0.5,0.22,Positive
450,ACEA_YEAST,0.52,0.5,0.53,0.1,0.5,0.0,0.48,0.22,Positive
453,IPPI_YEAST,0.51,0.43,0.63,0.18,0.5,0.0,0.52,0.22,Positive
456,SYI_YEAST,0.5,0.46,0.52,0.16,0.5,0.0,0.52,0.26,Positive
460,IME1_YEAST,0.54,0.45,0.62,0.13,0.5,0.0,0.52,0.26,Positive
464,INO1_YEAST,0.51,0.34,0.43,0.18,0.5,0.0,0.48,0.25,Positive
465,INO2_YEAST,0.56,0.45,0.59,0.14,0.5,0.0,0.51,0.26,Positive
466,INO4_YEAST,0.45,0.38,0.59,0.18,0.5,0.0,0.44,0.45,Positive
467,IPYR_YEAST,0.43,0.51,0.6,0.25,0.5,0.0,0.55,0.22,Positive
475,IXR1_YEAST,0.42,0.32,0.61,0.13,0.5,0.0,0.14,0.27,Positive
478,YJ16_YEAST,0.5,0.45,0.49,0.3,0.5,0.0,0.47,0.4,Positive
486,JNM1_YEAST,0.42,0.25,0.6,0.14,0.5,0.0,0.45,0.22,Positive
487,KAR1_YEAST,0.23,0.34,0.41,0.28,0.5,0.0,0.5,0.27,Positive
488,GR78_YEAST,0.85,0.56,0.33,0.38,1.0,0.0,0.55,0.25,Positive
489,KAR3_YEAST,0.34,0.31,0.6,0.37,0.5,0.0,0.5,0.3,Positive
490,KEM1_YEAST,0.59,0.53,0.47,0.26,0.5,0.0,0.53,0.31,Positive
499,KI28_YEAST,0.57,0.49,0.48,0.16,0.5,0.0,0.51,0.22,Positive
500,KIP1_YEAST,0.43,0.52,0.53,0.52,1.0,0.0,0.49,0.22,Positive
501,KIP2_YEAST,0.38,0.49,0.54,1.0,0.5,0.0,0.5,0.27,Positive
502,SMI1_YEAST,0.43,0.32,0.56,0.27,0.5,0.0,0.47,0.27,Positive
504,KR11_YEAST,0.27,0.56,0.56,0.18,0.5,0.0,0.52,0.22,Positive
506,KRE5_YEAST,0.86,0.92,0.5,0.37,1.0,0.0,0.53,0.32,Positive
509,SYKC_YEAST,0.43,0.45,0.54,0.14,0.5,0.0,0.5,0.31,Positive
510,KSS1_YEAST,0.52,0.48,0.54,0.28,0.5,0.0,0.54,0.22,Positive
517,BLH1_YEAST,0.52,0.48,0.58,0.55,0.5,0.0,0.48,0.22,Positive
518,AMPL_YEAST,0.42,0.32,0.48,0.16,0.5,0.0,0.55,0.22,negative
519,LAS1_YEAST,0.43,0.38,0.51,0.24,0.5,0.0,0.46,0.33,Positive
523,LEU2_YEAST,0.51,0.43,0.47,0.19,0.5,0.0,0.52,0.37,Positive
524,LEU3_YEAST,0.54,0.54,0.49,0.14,0.5,0.0,0.56,0.22,Positive
525,LEUR_YEAST,0.44,0.41,0.44,0.13,0.5,0.0,0.49,0.42,Positive
529,LOS1_YEAST,0.53,0.44,0.47,0.22,0.5,0.0,0.53,0.22,Positive
532,LYS1_YEAST,0.5,0.45,0.48,0.17,0.5,0.0,0.5,0.26,Positive
533,LY14_YEAST,0.44,0.53,0.43,0.17,0.5,0.0,0.54,0.75,Positive
534,LYS2_YEAST,0.46,0.47,0.46,0.16,0.5,0.0,0.51,0.22,Positive
535,MAC1_YEAST,0.52,0.49,0.57,0.57,0.5,0.0,0.51,0.22,Positive
536,MAD1_YEAST,0.62,0.64,0.56,0.2,0.5,0.0,0.48,0.33,Positive
537,MAG_YEAST,0.46,0.32,0.58,0.17,0.5,0.0,0.61,0.25,Positive
539,MK16_YEAST,0.49,0.62,0.65,0.18,0.5,0.0,0.46,0.43,Positive
540,MAK3_YEAST,0.5,0.34,0.62,0.19,0.5,0.0,0.57,0.22,Positive
542,MA3S_YEAST,0.39,0.37,0.56,0.15,0.5,0.0,0.5,0.27,Positive
543,MA3R_YEAST,0.33,0.37,0.54,0.28,0.5,0.0,0.53,0.27,Positive
545,MA6R_YEAST,0.33,0.38,0.53,0.26,0.5,0.0,0.52,0.27,Positive
546,AMPM_YEAST,0.48,0.51,0.57,0.24,0.5,0.0,0.5,0.22,Positive
552,MBP1_YEAST,0.5,0.49,0.52,0.2,0.5,0.0,0.43,0.52,Positive
553,MCM1_YEAST,0.18,0.48,0.46,0.12,0.5,0.0,0.0,0.25,Positive
554,MCM2_YEAST,0.26,0.38,0.52,0.36,0.5,0.0,0.48,0.56,Positive
555,MCM3_YEAST,0.53,0.51,0.51,0.11,0.5,0.0,0.49,0.41,Positive
557,MDHC_YEAST,0.62,0.6,0.47,0.16,0.5,0.0,0.53,0.22,Positive
558,MDHP_YEAST,0.68,0.58,0.51,0.19,0.5,0.83,0.54,0.22,Positive
562,MDM1_YEAST,0.49,0.44,0.45,0.22,0.5,0.0,0.51,0.22,Positive
564,MDS1_YEAST,0.46,0.57,0.52,0.28,0.5,0.0,0.52,0.22,Positive
567,MEIX_YEAST,0.7,0.53,0.42,0.22,0.5,0.0,0.51,0.28,Positive
570,MER1_YEAST,0.55,0.49,0.45,0.18,0.5,0.0,0.49,0.22,Positive
571,MER2_YEAST,0.4,0.53,0.61,0.21,0.5,0.0,0.48,0.33,Positive
572,SYMC_YEAST,0.57,0.44,0.42,0.2,0.5,0.0,0.54,0.22,Positive
573,MET2_YEAST,0.4,0.47,0.48,0.18,0.5,0.0,0.46,0.22,Positive
574,MT17_YEAST,0.34,0.54,0.54,0.13,0.5,0.0,0.52,0.22,Positive
575,MT28_YEAST,0.43,0.83,0.55,0.2,0.5,0.0,0.47,0.4,Positive
576,MET4_YEAST,0.55,0.65,0.5,0.28,0.5,0.0,0.55,0.22,Positive
577,METE_YEAST,0.29,0.46,0.54,0.27,0.5,0.0,0.49,0.22,Positive
584,MGMT_YEAST,0.54,0.52,0.54,0.2,0.5,0.0,0.55,0.25,Positive
585,MIF2_YEAST,0.37,0.31,0.53,0.16,0.5,0.0,0.53,0.44,Positive
586,MIG1_YEAST,0.43,0.39,0.59,0.13,0.5,0.0,0.41,0.43,Positive
590,MLH1_YEAST,0.66,0.54,0.49,0.16,0.5,0.0,0.54,0.36,Positive
591,MLP1_YEAST,0.46,0.55,0.61,0.13,0.5,0.0,0.47,0.22,Positive
592,MASY_YEAST,0.42,0.5,0.53,0.22,0.5,0.83,0.5,0.22,Positive
597,MOT1_YEAST,0.58,0.46,0.46,0.34,0.5,0.0,0.5,0.43,Positive
600,MR11_YEAST,0.39,0.3,0.56,0.12,0.5,0.0,0.53,0.38,Positive
638,MSH2_YEAST,0.32,0.45,0.44,0.2,0.5,0.0,0.55,0.33,Positive
639,MSH3_YEAST,0.51,0.6,0.51,0.26,0.5,0.0,0.54,0.22,Positive
640,MSH4_YEAST,0.49,0.46,0.42,0.46,0.5,0.0,0.55,0.22,Positive
643,MSN1_YEAST,0.52,0.38,0.62,0.12,0.5,0.0,0.41,0.28,Positive
644,MSN2_YEAST,0.53,0.4,0.57,0.12,0.5,0.0,0.53,0.32,Positive
645,MSN4_YEAST,0.51,0.56,0.62,0.24,0.5,0.0,0.52,0.51,Positive
654,MTD1_YEAST,0.57,0.4,0.48,0.24,0.5,0.0,0.55,0.22,Positive
656,RU1A_YEAST,0.47,0.46,0.55,0.28,0.5,0.0,0.44,0.46,Positive
657,YKH4_YEAST,0.39,0.35,0.49,0.17,0.5,0.0,0.49,0.22,Positive
658,MYS1_YEAST,0.58,0.38,0.4,0.21,0.5,0.0,0.5,0.22,Positive
659,MYS2_YEAST,0.53,0.41,0.5,0.24,1.0,0.0,0.47,0.22,Positive
660,MYS4_YEAST,0.43,0.4,0.5,0.18,0.5,0.0,0.5,0.28,Positive
662,YN46_YEAST,0.58,0.56,0.52,0.25,0.5,0.0,0.57,0.35,Positive
666,NAB1_YEAST,0.49,0.6,0.55,0.17,0.5,0.0,0.44,0.22,Positive
667,NAB2_YEAST,0.56,0.63,0.52,0.2,0.5,0.0,0.34,0.26,Positive
668,NAB3_YEAST,0.42,0.28,0.57,0.18,0.5,0.0,0.42,0.22,Positive
671,NAM7_YEAST,0.37,0.41,0.45,0.14,0.5,0.0,0.47,0.22,Positive
673,NAP1_YEAST,0.36,0.39,0.55,0.26,0.5,0.0,0.49,0.22,Positive
674,NAT1_YEAST,0.5,0.36,0.53,0.41,0.5,0.0,0.55,0.36,Positive
675,NAT2_YEAST,0.59,0.58,0.39,0.52,0.5,0.0,0.5,0.31,Positive
677,NDC1_YEAST,0.47,0.59,0.37,0.31,0.5,0.0,0.51,0.36,Positive
678,CB31_YEAST,0.48,0.62,0.52,0.3,0.5,0.0,0.51,0.37,Positive
680,NFS1_YEAST,0.48,0.54,0.53,0.6,0.5,0.0,0.53,0.31,Positive
681,ADA3_YEAST,0.33,0.46,0.53,0.29,0.5,0.0,0.5,0.55,Positive
682,NHP2_YEAST,0.36,0.44,0.51,0.17,0.5,0.0,0.6,0.19,Positive
683,NHPA_YEAST,0.39,0.34,0.68,0.3,0.5,0.0,0.5,0.29,Positive
684,NHPB_YEAST,0.11,0.41,0.67,0.13,0.5,0.0,0.45,0.29,Positive
685,NI96_YEAST,0.4,0.53,0.44,0.18,0.5,0.0,0.54,0.31,Positive
686,NIN1_YEAST,0.47,0.5,0.55,0.19,0.5,0.0,0.62,0.22,Positive
687,NIP1_YEAST,0.35,0.5,0.44,0.27,0.5,0.0,0.51,0.22,Positive
688,NMD2_YEAST,0.36,0.3,0.5,0.19,0.5,0.0,0.55,0.3,Positive
689,NMT_YEAST,0.49,0.44,0.51,0.18,0.5,0.0,0.52,0.27,Positive
690,FBRL_YEAST,0.35,0.44,0.54,0.26,0.5,0.0,0.52,0.26,Positive
691,NOP2_YEAST,0.43,0.28,0.53,0.34,0.5,0.0,0.55,0.57,Positive
692,NOP4_YEAST,0.33,0.48,0.55,0.16,0.5,0.0,0.53,0.75,Positive
693,NOT3_YEAST,0.45,0.21,0.49,0.24,0.5,0.0,0.46,0.31,Positive
694,NOP3_YEAST,0.44,0.34,0.61,0.13,0.5,0.0,0.49,0.26,Positive
695,NSP1_YEAST,0.87,0.47,0.6,0.47,0.5,0.0,0.59,0.22,Positive
696,NSR1_YEAST,0.3,0.55,0.58,0.16,0.5,0.0,0.61,0.28,Positive
697,TREA_YEAST,0.29,0.34,0.55,0.24,0.5,0.0,0.51,0.22,Positive
699,RNC1_YEAST,0.47,0.47,0.5,0.15,0.5,0.0,0.5,0.48,Positive
700,NUF1_YEAST,0.51,0.34,0.49,0.16,0.5,0.0,0.53,0.21,Positive
701,NUF2_YEAST,0.64,0.76,0.51,0.18,0.5,0.0,0.46,0.22,Positive
702,NUP1_YEAST,0.45,0.41,0.58,0.48,0.5,0.0,0.53,0.64,Positive
703,N100_YEAST,0.9,0.54,0.59,0.2,0.5,0.0,0.48,0.22,Positive
704,N116_YEAST,0.88,0.59,0.54,0.39,0.5,0.0,0.41,0.3,Positive
705,YK62_YEAST,0.7,0.51,0.47,0.24,0.5,0.0,0.53,0.25,Positive
706,NUP2_YEAST,0.25,0.36,0.58,0.3,0.5,0.0,0.58,0.31,Positive
707,NU49_YEAST,0.69,0.62,0.49,0.0,1.0,0.0,0.47,0.22,Positive
714,OPI1_YEAST,0.58,0.51,0.56,0.16,0.5,0.0,0.34,0.22,Positive
716,ORC2_YEAST,0.39,0.42,0.49,0.1,0.5,0.0,0.49,0.65,Positive
717,YHR8_YEAST,0.31,0.42,0.48,0.17,0.5,0.0,0.49,0.53,Positive
720,YDA2_YEAST,0.49,0.27,0.57,0.18,0.5,0.83,0.54,0.22,Positive
721,PABP_YEAST,0.28,0.48,0.56,0.16,0.5,0.0,0.48,0.26,Positive
722,PAN1_YEAST,0.69,0.39,0.52,0.12,0.5,0.0,0.38,0.35,Positive
723,PAP_YEAST,0.64,0.52,0.5,0.26,0.5,0.0,0.51,0.31,Positive
724,PAS1_YEAST,0.56,0.48,0.5,0.3,0.5,0.0,0.51,0.22,Positive
725,PTSR_YEAST,0.5,0.5,0.54,0.16,0.5,0.0,0.49,0.22,Positive
726,UBCX_YEAST,0.47,0.43,0.59,0.27,0.5,0.0,0.55,0.22,Positive
727,PAS3_YEAST,0.68,0.59,0.44,0.49,0.5,0.0,0.4,0.26,Positive
728,PAS7_YEAST,0.5,0.51,0.57,0.27,0.5,0.0,0.48,0.22,Positive
729,IPB2_YEAST,0.45,0.46,0.61,0.2,0.5,0.0,0.62,0.22,Positive
733,DCP1_YEAST,0.49,0.45,0.53,0.16,0.5,0.0,0.49,0.31,Positive
734,PDC2_YEAST,0.51,0.46,0.57,0.25,0.5,0.0,0.53,0.22,Positive
735,DCP2_YEAST,0.49,0.45,0.46,0.18,0.5,0.0,0.49,0.31,Positive
736,DCP3_YEAST,0.52,0.46,0.51,0.18,0.5,0.0,0.5,0.22,Positive
737,CNA1_YEAST,0.55,0.59,0.52,0.1,0.5,0.0,0.53,0.22,Positive
738,CNA2_YEAST,0.39,0.58,0.5,0.1,0.5,0.0,0.51,0.25,Positive
739,PDI_YEAST,0.7,0.84,0.49,0.28,1.0,0.0,0.58,0.22,Positive
740,PDR1_YEAST,0.33,0.38,0.45,0.19,0.5,0.0,0.54,0.37,Positive
741,PDR3_YEAST,0.61,0.46,0.44,0.47,0.5,0.0,0.5,0.37,Positive
743,PDS1_YEAST,0.37,0.42,0.6,0.13,0.5,0.0,0.51,0.22,Positive
746,PE12_YEAST,0.28,0.46,0.26,0.18,0.5,0.0,0.39,0.22,negative
747,PEP3_YEAST,0.51,0.46,0.49,0.21,0.5,0.0,0.55,0.22,negative
748,CARP_YEAST,0.8,0.82,0.57,0.26,0.5,0.0,0.57,0.27,negative
749,END1_YEAST,0.46,0.49,0.45,0.28,0.5,0.0,0.55,0.22,negative
750,PEP8_YEAST,0.4,0.36,0.55,0.15,0.5,0.0,0.53,0.22,negative
751,PES4_YEAST,0.67,0.46,0.58,0.3,0.5,0.0,0.57,0.27,Positive
762,K6P1_YEAST,0.57,0.49,0.5,0.2,0.5,0.0,0.51,0.28,Positive
763,K6P2_YEAST,0.62,0.43,0.49,0.29,0.5,0.0,0.5,0.27,Positive
764,6P2K_YEAST,0.45,0.41,0.49,0.14,1.0,0.0,0.53,0.3,Positive
765,PROF_YEAST,0.47,0.49,0.6,0.15,0.5,0.0,0.38,0.22,Positive
766,PGD1_YEAST,0.41,0.48,0.54,0.24,0.5,0.0,0.37,0.51,Positive
767,G6PI_YEAST,0.46,0.46,0.53,0.23,0.5,0.0,0.51,0.22,Positive
768,PGK_YEAST,0.48,0.42,0.48,0.19,0.5,0.0,0.58,0.22,Positive
769,PGM1_YEAST,0.43,0.45,0.53,0.19,0.5,0.0,0.56,0.22,Positive
770,PGM2_YEAST,0.28,0.36,0.55,0.15,0.5,0.0,0.57,0.22,Positive
771,PHD1_YEAST,0.48,0.46,0.58,0.26,0.5,0.0,0.44,0.22,Positive
774,PNPP_YEAST,0.38,0.62,0.52,0.14,0.5,0.0,0.53,0.22,Positive
776,PHO4_YEAST,0.44,0.42,0.57,0.22,0.5,0.0,0.5,0.25,Positive
779,PH80_YEAST,0.53,0.54,0.43,0.18,0.5,0.0,0.53,0.31,Positive
781,PH85_YEAST,0.4,0.37,0.54,0.13,0.5,0.0,0.48,0.22,Positive
783,PHR_YEAST,0.5,0.42,0.57,0.49,0.5,0.0,0.48,0.27,Positive
785,PIK1_YEAST,0.45,0.4,0.43,0.22,0.5,0.0,0.51,0.48,Positive
794,ATC3_YEAST,0.4,0.39,0.33,0.17,0.5,0.0,0.51,0.31,negative
795,MANA_YEAST,0.55,0.51,0.54,0.2,0.5,0.0,0.56,0.22,Positive
800,PMS1_YEAST,0.38,0.48,0.51,0.13,0.5,0.0,0.5,0.32,Positive
803,POB1_YEAST,0.49,0.48,0.52,0.2,0.5,0.0,0.55,0.22,Positive
804,DPOA_YEAST,0.36,0.39,0.54,0.16,0.5,0.0,0.5,0.28,Positive
805,DPO2_YEAST,0.54,0.53,0.48,0.14,0.5,0.0,0.49,0.33,Positive
806,DPOE_YEAST,0.37,0.48,0.5,0.26,0.5,0.0,0.52,0.39,Positive
807,DPOD_YEAST,0.25,0.39,0.5,0.23,0.5,0.0,0.5,0.28,Positive
808,PCNA_YEAST,0.49,0.71,0.54,0.13,0.5,0.0,0.58,0.22,Positive
809,DPO4_YEAST,0.56,0.5,0.56,0.26,0.5,0.0,0.53,0.27,Positive
810,P152_YEAST,0.41,0.53,0.41,0.15,0.5,0.0,0.54,0.25,Positive
811,POP2_YEAST,0.5,0.45,0.53,0.21,0.5,0.0,0.28,0.22,Positive
812,CAO_YEAST,0.46,0.37,0.48,0.36,0.5,0.0,0.48,0.22,Positive
815,PPCK_YEAST,0.45,0.47,0.53,0.15,0.5,0.0,0.52,0.27,Positive
816,PPR1_YEAST,0.42,0.28,0.51,0.23,0.5,0.0,0.53,0.27,Positive
817,PPX1_YEAST,0.51,0.48,0.46,0.29,0.5,0.0,0.54,0.22,Positive
818,PRTB_YEAST,0.75,0.69,0.48,0.13,0.5,0.0,0.57,0.4,negative
819,CBPY_YEAST,0.69,0.7,0.5,0.3,0.5,0.0,0.54,0.22,negative
820,PRTD_YEAST,0.63,0.55,0.53,0.51,0.5,0.0,0.55,0.22,negative
821,PRCG_YEAST,0.55,0.63,0.54,0.16,0.5,0.0,0.45,0.27,Positive
822,PRCE_YEAST,0.46,0.62,0.54,0.25,0.5,0.0,0.46,0.22,Positive
823,PRCD_YEAST,0.53,0.59,0.48,0.14,0.5,0.0,0.51,0.22,Positive
824,PRCH_YEAST,0.42,0.53,0.57,0.17,0.5,0.0,0.49,0.22,Positive
825,PRC2_YEAST,0.52,0.46,0.56,0.2,0.5,0.0,0.5,0.22,Positive
826,PRC6_YEAST,0.53,0.43,0.57,0.24,0.5,0.0,0.39,0.28,Positive
827,PRI1_YEAST,0.33,0.35,0.56,0.19,0.5,0.0,0.5,0.22,Positive
828,PRI2_YEAST,0.45,0.48,0.56,0.56,0.5,0.0,0.47,0.22,Positive
829,PROB_YEAST,0.56,0.48,0.5,0.17,0.5,0.0,0.51,0.26,Positive
830,PROC_YEAST,0.77,0.57,0.45,0.17,0.5,0.0,0.53,0.22,Positive
831,PR16_YEAST,0.56,0.59,0.54,0.18,0.5,0.0,0.48,0.46,Positive
832,PR18_YEAST,0.33,0.39,0.52,0.09,0.5,0.0,0.47,0.28,Positive
833,PR19_YEAST,0.48,0.41,0.54,0.39,0.5,0.0,0.51,0.22,Positive
834,PR02_YEAST,0.3,0.3,0.46,0.32,0.5,0.0,0.45,0.22,Positive
835,PR21_YEAST,0.38,0.26,0.6,0.1,0.5,0.0,0.48,0.44,Positive
836,PR22_YEAST,0.68,0.39,0.5,0.15,0.5,0.0,0.48,0.37,Positive
837,PR28_YEAST,0.62,0.41,0.52,0.17,0.5,0.0,0.48,0.22,Positive
838,PR38_YEAST,0.52,0.37,0.48,0.13,0.5,0.0,0.55,0.22,Positive
839,PR39_YEAST,0.32,0.48,0.49,0.17,0.5,0.0,0.47,0.22,Positive
840,PR04_YEAST,0.34,0.35,0.58,0.2,0.5,0.0,0.46,0.32,Positive
841,PR05_YEAST,0.33,0.21,0.53,0.15,1.0,0.0,0.52,0.5,Positive
842,PR06_YEAST,0.49,0.45,0.57,0.24,0.5,0.0,0.47,0.38,Positive
843,PR08_YEAST,0.4,0.28,0.48,0.06,0.5,0.0,0.49,0.42,Positive
844,PR09_YEAST,0.51,0.39,0.56,0.25,0.5,0.0,0.51,0.33,Positive
845,PRC8_YEAST,0.45,0.45,0.52,0.17,0.5,0.0,0.54,0.22,Positive
846,PRC5_YEAST,0.28,0.51,0.55,0.19,0.5,0.0,0.57,0.22,Positive
847,PRC3_YEAST,0.51,0.51,0.56,0.28,0.5,0.0,0.54,0.27,Positive
848,PRC9_YEAST,0.48,0.56,0.49,0.32,0.5,0.0,0.5,0.22,Positive
849,PRT1_YEAST,0.59,0.46,0.48,0.46,0.5,0.0,0.49,0.22,Positive
851,SNM1_YEAST,0.37,0.44,0.51,0.56,0.5,0.0,0.5,0.38,Positive
853,PTP1_YEAST,0.53,0.45,0.53,0.18,0.5,0.0,0.42,0.22,Positive
854,PTP2_YEAST,0.45,0.27,0.5,0.33,0.5,0.0,0.53,0.26,Positive
856,PUB1_YEAST,0.48,0.5,0.56,0.11,0.5,0.0,0.33,0.22,Positive
857,PRCF_YEAST,0.35,0.47,0.53,0.19,0.5,0.0,0.48,0.22,Positive
858,PRCZ_YEAST,0.48,0.48,0.56,0.18,0.5,0.0,0.58,0.22,Positive
861,PUT3_YEAST,0.29,0.4,0.41,0.48,0.5,0.0,0.53,0.3,Positive
863,PYC1_YEAST,0.46,0.43,0.5,0.24,0.5,0.0,0.48,0.31,Positive
864,PYC2_YEAST,0.43,0.46,0.5,0.21,0.5,0.0,0.49,0.34,Positive
865,KPYK_YEAST,0.61,0.55,0.51,0.26,0.5,0.0,0.52,0.22,Positive
872,RAD1_YEAST,0.24,0.41,0.47,0.16,0.5,0.0,0.51,0.38,Positive
873,RA10_YEAST,0.61,0.39,0.53,0.14,0.5,0.0,0.43,0.26,Positive
874,RA14_YEAST,0.39,0.16,0.59,0.08,0.5,0.0,0.51,0.27,Positive
875,RA16_YEAST,0.33,0.28,0.5,0.4,0.5,0.0,0.46,0.61,Positive
876,RA18_YEAST,0.51,0.55,0.56,0.18,0.5,0.0,0.5,0.38,Positive
877,RAD2_YEAST,0.39,0.44,0.54,0.24,0.5,0.0,0.51,0.49,Positive
878,RA23_YEAST,0.43,0.48,0.53,0.18,0.5,0.0,0.46,0.22,Positive
879,RA26_YEAST,0.47,0.43,0.48,0.16,0.5,0.0,0.46,0.27,Positive
880,RAD3_YEAST,0.52,0.5,0.51,0.2,0.5,0.0,0.51,0.22,Positive
881,RAD4_YEAST,0.33,0.28,0.52,0.15,0.5,0.0,0.51,0.86,Positive
882,RAD5_YEAST,0.36,0.48,0.5,0.13,0.5,0.0,0.49,0.6,Positive
883,RA50_YEAST,0.45,0.54,0.49,0.29,0.5,0.0,0.49,0.25,Positive
884,RA51_YEAST,0.55,0.59,0.53,0.15,0.5,0.0,0.49,0.22,Positive
885,RA52_YEAST,0.31,0.39,0.55,0.28,0.5,0.0,0.46,0.31,Positive
886,RA54_YEAST,0.43,0.41,0.51,0.34,0.5,0.0,0.49,0.28,Positive
887,RA55_YEAST,0.64,0.5,0.53,0.1,0.5,0.0,0.51,0.22,Positive
888,RA57_YEAST,0.41,0.52,0.56,0.26,0.5,0.0,0.48,0.32,Positive
889,UBC2_YEAST,0.48,0.47,0.59,0.41,0.5,0.0,0.56,0.27,Positive
890,RAD7_YEAST,0.49,0.49,0.51,0.29,0.5,0.0,0.52,0.71,Positive
891,RAD9_YEAST,0.41,0.52,0.51,0.22,0.5,0.0,0.52,0.44,Positive
892,SRS2_YEAST,0.51,0.61,0.5,0.23,0.5,0.0,0.52,0.61,Positive
893,RAM1_YEAST,0.59,0.47,0.51,0.53,0.5,0.0,0.53,0.26,Positive
894,RAM2_YEAST,0.4,0.6,0.5,0.16,0.5,0.0,0.51,0.22,Positive
895,RAP1_YEAST,0.54,0.53,0.53,0.17,0.5,0.0,0.51,0.39,Positive
896,RAS1_YEAST,0.61,0.46,0.54,0.11,0.5,0.0,0.47,0.22,Positive
897,RAS2_YEAST,0.66,0.55,0.54,0.18,0.5,0.0,0.43,0.22,Positive
898,RAT1_YEAST,0.53,0.46,0.54,0.37,0.5,0.0,0.51,0.3,Positive
900,REB1_YEAST,0.58,0.31,0.6,0.12,0.5,0.0,0.47,0.33,Positive
901,R102_YEAST,0.49,0.67,0.5,0.28,0.5,0.0,0.43,0.22,Positive
902,R104_YEAST,0.44,0.33,0.55,0.16,0.5,0.0,0.49,0.22,Positive
903,R114_YEAST,0.44,0.45,0.53,0.19,0.5,0.0,0.41,0.28,Positive
904,RED1_YEAST,0.57,0.55,0.52,0.16,0.5,0.0,0.49,0.39,Positive
906,DPOX_YEAST,0.32,0.49,0.53,0.28,0.5,0.0,0.5,0.5,Positive
907,RFA1_YEAST,0.35,0.42,0.56,0.28,0.5,0.0,0.47,0.22,Positive
908,RFA2_YEAST,0.46,0.41,0.58,0.1,0.5,0.0,0.48,0.22,Positive
909,RFA3_YEAST,0.57,0.51,0.58,0.22,0.5,0.0,0.51,0.22,Positive
910,RFC2_YEAST,0.47,0.47,0.54,0.19,0.5,0.0,0.51,0.33,Positive
911,RFC3_YEAST,0.34,0.58,0.5,0.26,0.5,0.0,0.51,0.22,Positive
912,RFC4_YEAST,0.55,0.45,0.58,0.25,0.5,0.0,0.49,0.22,Positive
913,RFT1_YEAST,0.4,0.66,0.34,0.21,0.5,0.0,0.52,0.26,Positive
914,RGM1_YEAST,0.42,0.21,0.59,0.3,0.5,0.0,0.47,0.27,Positive
915,RHO1_YEAST,0.6,0.48,0.46,0.32,0.5,0.0,0.4,0.33,Positive
916,RHO2_YEAST,0.64,0.44,0.51,0.35,0.5,0.0,0.53,0.22,Positive
917,RIF1_YEAST,0.35,0.4,0.44,0.25,0.5,0.0,0.53,0.57,Positive
921,RME1_YEAST,0.45,0.49,0.57,0.25,0.5,0.0,0.48,0.22,Positive
922,RNA1_YEAST,0.45,0.52,0.5,0.12,0.5,0.0,0.6,0.22,Positive
923,RN12_YEAST,0.56,0.51,0.32,0.49,0.5,0.0,0.48,0.22,Positive
924,RN14_YEAST,0.37,0.58,0.5,0.22,0.5,0.0,0.47,0.22,Positive
925,RN15_YEAST,0.47,0.45,0.51,0.33,0.5,0.0,0.46,0.26,Positive
926,ROX1_YEAST,0.5,0.36,0.64,0.37,0.5,0.0,0.37,0.33,Positive
927,ROX3_YEAST,0.43,0.44,0.64,0.19,0.5,0.0,0.38,0.33,Positive
928,RS3A_YEAST,0.38,0.4,0.59,0.25,0.5,0.0,0.44,0.22,Positive
929,RS3B_YEAST,0.39,0.39,0.59,0.25,0.5,0.0,0.45,0.22,Positive
930,R13A_YEAST,0.54,0.55,0.56,0.14,0.5,0.0,0.5,0.25,Positive
931,RL18_YEAST,0.45,0.5,0.57,0.29,0.5,0.0,0.44,0.11,Positive
932,RL18_YEAST,0.45,0.5,0.57,0.29,0.5,0.0,0.44,0.11,Positive
933,RS24_YEAST,0.61,0.38,0.57,0.36,0.5,0.0,0.44,0.21,Positive
934,RS24_YEAST,0.61,0.38,0.57,0.36,0.5,0.0,0.44,0.21,Positive
935,R17A_YEAST,0.43,0.33,0.54,0.37,0.5,0.0,0.38,0.16,Positive
936,R17B_YEAST,0.43,0.33,0.54,0.37,0.5,0.0,0.38,0.16,Positive
937,R61A_YEAST,0.51,0.39,0.58,0.19,0.5,0.0,0.47,0.22,Positive
938,RPA9_YEAST,0.72,0.51,0.52,0.08,0.5,0.0,0.54,0.22,Positive
939,RPA2_YEAST,0.35,0.41,0.53,0.27,0.5,0.0,0.47,0.29,Positive
940,RPA1_YEAST,0.56,0.49,0.54,0.15,0.5,0.0,0.5,0.35,Positive
941,RPA3_YEAST,0.57,0.37,0.43,0.27,0.5,0.0,0.53,0.28,Positive
942,RPBX_YEAST,0.57,0.49,0.61,0.26,0.5,0.0,0.52,0.22,Positive
943,RPBY_YEAST,0.48,0.45,0.63,0.19,0.5,0.0,0.58,0.22,Positive
944,RPB2_YEAST,0.34,0.48,0.47,0.19,0.5,0.0,0.5,0.3,Positive
945,RPB3_YEAST,0.54,0.57,0.55,0.18,0.5,0.0,0.5,0.22,Positive
946,RPB4_YEAST,0.38,0.44,0.55,0.44,0.5,0.0,0.47,0.51,Positive
947,RPB5_YEAST,0.4,0.3,0.57,0.13,0.5,0.0,0.46,0.22,Positive
948,RPB6_YEAST,0.27,0.31,0.55,0.13,0.5,0.0,0.5,0.22,Positive
949,RPB7_YEAST,0.52,0.46,0.56,0.25,0.5,0.0,0.52,0.22,Positive
950,RPB8_YEAST,0.44,0.5,0.55,0.24,0.5,0.0,0.48,0.22,Positive
951,RPB9_YEAST,0.34,0.47,0.48,0.32,0.5,0.0,0.42,0.22,Positive
952,RPCX_YEAST,0.5,0.56,0.63,0.25,0.5,0.0,0.42,0.22,Positive
953,RPC2_YEAST,0.46,0.53,0.47,0.37,0.5,0.0,0.51,0.36,Positive
954,RPC9_YEAST,0.31,0.6,0.65,0.18,0.5,0.0,0.46,0.22,Positive
955,RPC8_YEAST,0.57,0.42,0.63,0.22,0.5,0.0,0.68,0.32,Positive
956,RPC6_YEAST,0.37,0.45,0.53,0.14,0.5,0.0,0.49,0.22,Positive
957,RPC5_YEAST,0.38,0.38,0.54,0.24,0.5,0.0,0.54,0.22,Positive
958,RPC4_YEAST,0.36,0.49,0.55,0.21,0.5,0.0,0.55,0.33,Positive
959,RPC3_YEAST,0.29,0.4,0.5,0.16,0.5,0.0,0.51,0.34,Positive
960,RPD3_YEAST,0.37,0.3,0.51,0.15,0.5,0.0,0.58,0.26,Positive
961,RL1_YEAST,0.35,0.33,0.48,0.42,0.5,0.0,0.47,0.43,Positive
962,RL15_YEAST,0.46,0.35,0.69,0.18,0.5,0.0,0.3,0.25,Positive
963,RL15_YEAST,0.46,0.35,0.69,0.18,0.5,0.0,0.3,0.25,Positive
964,R14A_YEAST,0.57,0.43,0.52,0.3,0.5,0.0,0.37,0.11,Positive
965,R14B_YEAST,0.57,0.43,0.52,0.3,0.5,0.0,0.37,0.11,Positive
966,RL12_YEAST,0.59,0.51,0.48,0.12,0.5,0.0,0.54,0.31,Positive
967,RL12_YEAST,0.59,0.51,0.48,0.12,0.5,0.0,0.54,0.31,Positive
968,RL16_YEAST,0.61,0.53,0.59,0.17,0.5,0.0,0.44,0.28,Positive
969,RL1A_YEAST,0.61,0.48,0.56,0.19,0.5,0.0,0.53,0.31,Positive
970,RL1A_YEAST,0.61,0.48,0.56,0.19,0.5,0.0,0.53,0.31,Positive
971,R16A_YEAST,0.44,0.56,0.52,0.18,0.5,0.0,0.5,0.11,Positive
972,R16B_YEAST,0.36,0.56,0.52,0.18,0.5,0.0,0.45,0.16,Positive
973,RL17_YEAST,0.37,0.44,0.64,0.48,0.5,0.0,0.36,0.27,Positive
974,RL19_YEAST,0.72,0.37,0.63,0.38,0.5,0.0,0.4,0.14,Positive
975,RL19_YEAST,0.72,0.37,0.63,0.38,0.5,0.0,0.4,0.14,Positive
976,RL25_YEAST,0.44,0.36,0.64,0.45,0.5,0.0,0.53,0.11,Positive
977,RL27_YEAST,0.58,0.45,0.55,0.27,0.5,0.0,0.48,0.11,Positive
978,RL2_YEAST,0.63,0.64,0.45,0.26,0.5,0.0,0.43,0.22,Positive
979,RL2_YEAST,0.63,0.64,0.45,0.26,0.5,0.0,0.43,0.22,Positive
980,RL3A_YEAST,0.43,0.33,0.67,0.12,0.5,0.0,0.45,0.23,Positive
981,RL3B_YEAST,0.43,0.33,0.67,0.12,0.5,0.0,0.43,0.23,Positive
982,RL3E_YEAST,0.58,0.44,0.5,0.26,0.5,0.0,0.52,0.22,Positive
983,RL34_YEAST,0.38,0.43,0.53,0.22,0.5,0.0,0.48,0.11,Positive
984,R37A_YEAST,0.4,0.45,0.61,0.29,0.5,0.0,0.44,0.22,Positive
985,R37B_YEAST,0.4,0.45,0.61,0.29,0.5,0.0,0.44,0.22,Positive
986,RL44_YEAST,0.34,0.34,0.65,0.4,0.5,0.0,0.32,0.16,Positive
987,RL44_YEAST,0.34,0.34,0.65,0.4,0.5,0.0,0.32,0.16,Positive
988,RL46_YEAST,0.43,0.22,0.79,0.79,0.5,0.0,0.22,0.0,Positive
989,RL41_YEAST,0.35,0.21,1.0,0.8,0.5,0.0,0.13,0.01,Positive
990,RL41_YEAST,0.35,0.21,1.0,0.8,0.5,0.0,0.13,0.01,Positive
991,RL4A_YEAST,0.56,0.35,0.47,0.41,0.5,0.0,0.5,0.22,Positive
992,RL4B_YEAST,0.56,0.35,0.47,0.35,0.5,0.0,0.52,0.22,Positive
993,RL6_YEAST,0.54,0.44,0.55,0.48,0.5,0.0,0.47,0.22,Positive
994,RL71_YEAST,0.35,0.39,0.56,0.2,0.5,0.0,0.49,0.41,Positive
995,RL9_YEAST,0.48,0.46,0.58,0.16,0.5,0.0,0.45,0.22,Positive
996,RLA0_YEAST,0.48,0.55,0.48,0.1,0.5,0.0,0.55,0.22,Positive
997,RLA1_YEAST,0.66,0.6,0.52,0.19,0.5,0.0,0.69,0.22,Positive
998,RLA2_YEAST,0.69,0.54,0.55,0.23,0.5,0.0,0.73,0.22,Positive
999,RLA3_YEAST,0.73,0.6,0.47,0.2,0.5,0.0,0.72,0.22,Positive
1000,RLA4_YEAST,0.78,0.82,0.56,0.21,0.5,0.0,0.69,0.22,Positive
1002,RPB1_YEAST,0.44,0.62,0.53,0.27,0.5,0.0,0.49,0.22,Positive
1003,RPC1_YEAST,0.56,0.61,0.52,0.19,0.5,0.0,0.52,0.32,Positive
1005,RS6_YEAST,0.46,0.33,0.45,0.22,0.5,0.0,0.41,0.37,Positive
1006,R19A_YEAST,0.52,0.43,0.61,0.22,0.5,0.0,0.45,0.22,Positive
1007,R19B_YEAST,0.52,0.43,0.61,0.22,0.5,0.0,0.45,0.22,Positive
1008,RS41_YEAST,0.32,0.44,0.54,0.21,0.5,0.0,0.4,0.19,Positive
1009,RS41_YEAST,0.32,0.44,0.54,0.21,0.5,0.0,0.4,0.19,Positive
1010,RS15_YEAST,0.48,0.41,0.52,0.33,0.5,0.0,0.51,0.26,Positive
1011,RS22_YEAST,0.46,0.39,0.54,0.22,0.5,0.0,0.48,0.25,Positive
1012,RS22_YEAST,0.46,0.39,0.54,0.22,0.5,0.0,0.48,0.25,Positive
1013,RS21_YEAST,0.42,0.5,0.64,0.13,0.5,0.0,0.49,0.22,Positive
1014,R26A_YEAST,0.46,0.54,0.59,0.41,0.5,0.0,0.53,0.21,Positive
1015,R26B_YEAST,0.46,0.54,0.59,0.41,0.5,0.0,0.53,0.21,Positive
1016,R271_YEAST,0.39,0.65,0.57,0.19,0.5,0.0,0.44,0.25,Positive
1017,R272_YEAST,0.39,0.65,0.57,0.19,0.5,0.0,0.43,0.25,Positive
1018,RS28_YEAST,0.38,0.5,0.52,0.44,0.5,0.0,0.54,0.11,Positive
1019,RS28_YEAST,0.38,0.5,0.52,0.44,0.5,0.0,0.54,0.11,Positive
1020,RS3_YEAST,0.51,0.52,0.58,0.17,0.5,0.0,0.47,0.28,Positive
1021,RS31_YEAST,0.57,0.48,0.54,0.22,0.5,0.0,0.5,0.11,Positive
1022,RS33_YEAST,0.5,0.5,0.62,0.23,0.5,0.0,0.35,0.11,Positive
1023,RS37_YEAST,0.41,0.49,0.65,0.28,0.5,0.0,0.59,0.57,Positive
1024,RS4E_YEAST,0.53,0.57,0.6,0.36,0.5,0.0,0.5,0.22,Positive
1025,RS4E_YEAST,0.53,0.57,0.6,0.36,0.5,0.0,0.5,0.22,Positive
1026,RS8_YEAST,0.37,0.3,0.62,0.43,0.5,0.0,0.44,0.39,Positive
1027,RS8_YEAST,0.37,0.3,0.62,0.43,0.5,0.0,0.44,0.39,Positive
1028,RRN6_YEAST,0.6,0.57,0.52,0.14,0.5,0.0,0.46,0.48,Positive
1029,RRN7_YEAST,0.42,0.38,0.52,0.29,0.5,0.0,0.42,0.22,Positive
1030,RTG1_YEAST,0.41,0.46,0.58,0.08,0.5,0.0,0.51,0.28,Positive
1031,R161_YEAST,0.49,0.4,0.58,0.23,0.5,0.0,0.47,0.27,Positive
1032,R167_YEAST,0.37,0.37,0.51,0.38,0.5,0.0,0.44,0.22,Positive
1034,FIMB_YEAST,0.51,0.4,0.5,0.28,0.5,0.0,0.48,0.27,Positive
1035,SAC7_YEAST,0.34,0.25,0.55,0.28,0.5,0.0,0.51,0.49,Positive
1037,SAR1_YEAST,0.59,0.54,0.53,0.14,0.5,0.0,0.48,0.22,Positive
1038,SC25_YEAST,0.5,0.48,0.48,0.23,0.5,0.0,0.53,0.68,Positive
1040,PRCI_YEAST,0.56,0.42,0.52,0.14,0.5,0.0,0.51,0.22,Positive
1043,S160_YEAST,0.46,0.49,0.55,0.18,0.5,0.0,0.56,0.22,Positive
1048,SDHL_YEAST,0.46,0.42,0.51,0.16,0.5,0.0,0.56,0.22,Positive
1049,SEC1_YEAST,0.6,0.51,0.49,0.18,0.5,0.0,0.53,0.38,Positive
1052,SC13_YEAST,0.49,0.38,0.56,0.09,0.5,0.0,0.46,0.22,Positive
1053,SC14_YEAST,0.38,0.4,0.53,0.12,0.5,0.0,0.55,0.22,Positive
1054,SC15_YEAST,0.55,0.55,0.52,0.13,0.5,0.0,0.53,0.25,Positive
1055,SC17_YEAST,0.46,0.44,0.58,0.17,0.5,0.0,0.55,0.22,Positive
1056,SC18_YEAST,0.34,0.46,0.52,0.19,0.5,0.0,0.53,0.26,Positive
1057,SEC2_YEAST,0.58,0.56,0.46,0.14,0.5,0.0,0.51,0.22,Positive
1059,SC21_YEAST,0.44,0.71,0.5,0.21,0.5,0.0,0.54,0.27,Positive
1061,SC23_YEAST,0.41,0.49,0.47,0.09,0.5,0.0,0.49,0.22,Positive
1062,SEC4_YEAST,0.44,0.51,0.53,0.3,0.5,0.0,0.53,0.22,Positive
1063,PMM_YEAST,0.54,0.51,0.56,0.15,0.5,0.0,0.54,0.31,Positive
1065,SEC6_YEAST,0.46,0.38,0.51,0.2,0.5,0.0,0.51,0.22,Positive
1069,SC65_YEAST,0.41,0.4,0.56,0.17,0.5,0.0,0.56,0.22,Positive
1072,SC72_YEAST,0.59,0.55,0.57,0.18,0.5,0.0,0.51,0.22,Positive
1073,SEC8_YEAST,0.48,0.51,0.5,0.24,0.5,0.0,0.54,0.38,Positive
1074,SEC9_YEAST,0.39,0.3,0.63,0.2,0.5,0.0,0.43,0.47,Positive
1079,SEN1_YEAST,0.47,0.37,0.46,0.28,0.5,0.0,0.52,0.99,Positive
1080,SEN2_YEAST,0.48,0.5,0.47,0.29,0.5,0.0,0.46,0.27,Positive
1081,SYSC_YEAST,0.3,0.33,0.55,0.12,0.5,0.0,0.53,0.38,Positive
1082,SFL1_YEAST,0.49,0.49,0.52,0.18,0.5,0.0,0.51,0.25,Positive
1083,SFP1_YEAST,0.54,0.59,0.57,0.34,0.5,0.0,0.49,0.22,Positive
1084,AMYG_YEAST,0.7,0.78,0.53,0.24,0.5,0.0,0.48,0.22,negative
1088,GLYC_YEAST,0.53,0.49,0.47,0.21,0.5,0.0,0.53,0.22,Positive
1090,SIC1_YEAST,0.42,0.43,0.67,0.7,0.5,0.0,0.42,0.25,Positive
1091,NOT4_YEAST,0.47,0.44,0.53,0.18,0.5,0.0,0.47,0.29,Positive
1092,SIN3_YEAST,0.4,0.49,0.53,0.23,0.5,0.0,0.44,0.26,Positive
1093,SIN4_YEAST,0.45,0.65,0.51,0.17,0.5,0.0,0.49,0.22,Positive
1094,SIP2_YEAST,0.42,0.42,0.55,0.31,0.5,0.0,0.43,0.22,Positive
1095,SIR1_YEAST,0.45,0.41,0.53,0.49,0.5,0.0,0.49,0.31,Positive
1096,SIR2_YEAST,0.42,0.28,0.49,0.22,0.5,0.0,0.55,0.34,Positive
1097,SIR3_YEAST,0.47,0.5,0.47,0.22,0.5,0.0,0.53,0.45,Positive
1098,SIR4_YEAST,0.33,0.42,0.55,0.23,0.5,0.0,0.52,0.43,Positive
1099,SIS1_YEAST,0.56,0.55,0.57,0.15,0.5,0.0,0.54,0.25,Positive
1100,SIS2_YEAST,0.37,0.47,0.49,0.12,0.5,0.0,0.47,0.31,Positive
1101,SKI3_YEAST,0.32,0.6,0.48,0.13,0.5,0.0,0.53,0.22,Positive
1103,SKN7_YEAST,0.46,0.56,0.56,0.25,0.5,0.0,0.43,0.22,Positive
1104,SKO1_YEAST,0.47,0.55,0.57,0.17,0.5,0.0,0.52,0.66,Positive
1105,SLA1_YEAST,0.37,0.55,0.52,0.13,0.5,0.0,0.42,0.8,Positive
1109,SLU7_YEAST,0.19,0.16,0.68,0.36,0.5,0.0,0.49,0.21,Positive
1110,SLY1_YEAST,0.64,0.31,0.53,0.15,0.5,0.0,0.53,0.31,Positive
1112,SMC1_YEAST,0.47,0.56,0.51,0.2,0.5,0.0,0.52,0.59,Positive
1113,SMC2_YEAST,0.4,0.75,0.44,0.12,0.5,0.0,0.49,0.22,Positive
1114,SMD1_YEAST,0.48,0.55,0.58,0.18,0.5,0.0,0.38,0.69,Positive
1117,SMY1_YEAST,0.54,0.5,0.51,0.26,0.5,0.0,0.52,0.22,Positive
1118,SMY2_YEAST,0.6,0.64,0.56,0.36,0.5,0.0,0.46,0.27,Positive
1121,SNF1_YEAST,0.39,0.45,0.51,0.29,0.5,0.0,0.54,0.22,Positive
1122,SNF2_YEAST,0.33,0.47,0.55,0.24,0.5,0.0,0.45,0.67,Positive
1124,SNF4_YEAST,0.43,0.47,0.47,0.18,0.5,0.0,0.47,0.22,Positive
1125,SNF5_YEAST,0.66,0.43,0.57,0.6,0.5,0.0,0.19,0.33,Positive
1126,SNF6_YEAST,0.55,0.4,0.62,0.22,0.5,0.0,0.37,0.28,Positive
1127,RU17_YEAST,0.33,0.46,0.6,0.18,0.5,0.0,0.51,0.26,Positive
1128,SNP2_YEAST,0.51,0.5,0.54,0.11,0.5,0.0,0.6,0.22,Positive
1129,YBC6_YEAST,0.54,0.6,0.57,0.17,0.5,0.0,0.44,0.22,Positive
1131,SODC_YEAST,0.55,0.57,0.51,0.07,0.5,0.0,0.55,0.22,Positive
1133,SOF1_YEAST,0.36,0.32,0.55,0.27,0.5,0.0,0.47,0.43,Positive
1134,SOK1_YEAST,0.46,0.41,0.45,0.23,0.5,0.0,0.48,0.22,Positive
1135,SON1_YEAST,0.4,0.39,0.6,0.23,0.5,0.0,0.52,0.31,Positive
1136,RL35_YEAST,0.52,0.47,0.58,0.18,0.5,0.0,0.34,0.11,Positive
1137,RL35_YEAST,0.52,0.47,0.58,0.18,0.5,0.0,0.34,0.11,Positive
1138,SPA2_YEAST,0.5,0.45,0.51,0.19,0.5,0.0,0.53,0.25,Positive
1139,SPB4_YEAST,0.57,0.55,0.51,0.18,0.5,0.0,0.51,0.43,Positive
1140,SPK1_YEAST,0.44,0.43,0.46,0.28,0.5,0.0,0.45,0.29,Positive
1141,SP11_YEAST,0.46,0.5,0.5,0.28,0.5,0.0,0.5,0.37,Positive
1144,SX18_YEAST,0.38,0.58,0.46,0.21,0.5,0.0,0.52,0.22,Positive
1145,SX19_YEAST,0.32,0.68,0.51,0.16,0.5,0.83,0.55,0.22,Positive
1146,SP10_YEAST,0.27,0.46,0.52,0.17,0.5,0.0,0.49,0.44,Positive
1147,SP14_YEAST,0.52,0.45,0.45,0.13,0.5,0.0,0.48,0.22,Positive
1148,TF2D_YEAST,0.37,0.29,0.45,0.15,0.5,0.0,0.49,0.22,Positive
1149,SPT2_YEAST,0.37,0.48,0.67,0.37,0.5,0.0,0.56,0.62,Positive
1150,SP21_YEAST,0.44,0.59,0.54,0.18,0.5,0.0,0.49,0.22,Positive
1151,SP23_YEAST,0.48,0.65,0.36,0.24,0.5,0.0,0.54,0.31,Positive
1152,SPT3_YEAST,0.59,0.49,0.45,0.22,0.5,0.0,0.45,0.31,Positive
1153,SPT4_YEAST,0.73,0.52,0.59,0.25,0.5,0.0,0.51,0.22,Positive
1154,SPT5_YEAST,0.5,0.43,0.5,0.17,0.5,0.0,0.46,0.47,Positive
1155,SPT6_YEAST,0.23,0.13,0.51,0.16,0.5,0.0,0.53,0.51,Positive
1156,SPT7_YEAST,0.49,0.6,0.54,0.35,0.5,0.0,0.53,0.46,Positive
1157,SPT8_YEAST,0.52,0.31,0.56,0.16,0.5,0.0,0.55,0.22,Positive
1158,SRB2_YEAST,0.49,0.48,0.51,0.21,0.5,0.0,0.53,0.22,Positive
1159,SRB4_YEAST,0.49,0.6,0.42,0.18,0.5,0.0,0.58,0.28,Positive
1160,SRB5_YEAST,0.6,0.62,0.54,0.11,0.5,0.0,0.51,0.22,Positive
1161,SRB6_YEAST,0.55,0.47,0.53,0.2,0.5,0.0,0.4,0.22,Positive
1162,SCA1_YEAST,0.47,0.32,0.51,0.24,0.5,0.0,0.54,0.27,Positive
1163,SRD1_YEAST,0.53,0.25,0.59,0.27,0.5,0.0,0.45,0.26,Positive
1164,RCC_YEAST,0.31,0.5,0.54,0.32,0.5,0.0,0.53,0.31,Positive
1165,SRPI_YEAST,0.25,0.33,0.48,0.18,0.5,0.0,0.42,0.33,Positive
1167,SR14_YEAST,0.61,0.5,0.61,0.21,0.5,0.0,0.55,0.54,Positive
1168,SR54_YEAST,0.5,0.52,0.51,0.22,0.5,0.0,0.46,0.37,Positive
1169,SR68_YEAST,0.62,0.33,0.49,0.24,0.5,0.0,0.51,0.42,Positive
1170,SR72_YEAST,0.56,0.52,0.46,0.17,0.5,0.0,0.49,0.73,Positive
1171,CAP_YEAST,0.52,0.56,0.55,0.16,0.5,0.0,0.53,0.39,Positive
1172,HS71_YEAST,0.53,0.48,0.51,0.18,0.5,0.0,0.52,0.27,Positive
1173,HS72_YEAST,0.51,0.48,0.51,0.19,0.5,0.0,0.51,0.27,Positive
1174,HS73_YEAST,0.51,0.48,0.51,0.26,0.5,0.0,0.51,0.27,Positive
1175,HS74_YEAST,0.53,0.48,0.51,0.18,0.5,0.0,0.51,0.27,Positive
1176,HS75_YEAST,0.6,0.46,0.51,0.1,0.5,0.0,0.48,0.31,Positive
1177,HS76_YEAST,0.6,0.46,0.51,0.1,0.5,0.0,0.48,0.31,Positive
1178,SSB1_YEAST,0.44,0.39,0.63,0.11,0.5,0.0,0.49,0.26,Positive
1180,SSD1_YEAST,0.45,0.45,0.51,0.3,0.5,0.0,0.48,0.44,Positive
1181,RA25_YEAST,0.38,0.42,0.47,0.12,0.5,0.0,0.47,0.53,Positive
1182,SSN6_YEAST,0.19,0.66,0.6,0.14,0.5,0.0,0.2,0.25,Positive
1189,ST12_YEAST,0.38,0.51,0.56,0.21,0.5,0.0,0.48,0.31,Positive
1192,GBG_YEAST,0.36,0.37,0.63,0.25,0.5,0.0,0.3,0.22,Positive
1194,ST20_YEAST,0.3,0.45,0.55,0.19,0.5,0.0,0.53,0.4,Positive
1196,GBB_YEAST,0.44,0.4,0.53,0.19,0.5,0.0,0.48,0.27,Positive
1197,STE5_YEAST,0.45,0.57,0.52,0.21,0.5,0.0,0.54,0.38,Positive
1201,STH1_YEAST,0.66,0.65,0.53,0.17,0.5,0.0,0.47,0.66,Positive
1203,STP1_YEAST,0.48,0.54,0.56,0.29,0.5,0.0,0.51,0.43,Positive
1204,STU1_YEAST,0.33,0.37,0.49,0.22,0.5,0.0,0.55,0.22,Positive
1205,STV1_YEAST,0.58,0.43,0.32,0.11,0.5,0.0,0.49,0.22,negative
1206,TF2B_YEAST,0.58,0.64,0.42,0.3,0.5,0.0,0.54,0.22,Positive
1210,SUG1_YEAST,0.58,0.37,0.58,0.16,0.5,0.0,0.51,0.22,Positive
1211,SUI1_YEAST,0.39,0.39,0.65,0.16,0.5,0.0,0.45,0.22,Positive
1212,IF2A_YEAST,0.51,0.59,0.55,0.21,0.5,0.0,0.52,0.22,Positive
1213,IF2B_YEAST,0.41,0.35,0.6,0.22,0.5,0.0,0.56,0.79,Positive
1215,SUP1_YEAST,0.41,0.49,0.55,0.13,0.5,0.0,0.55,0.22,Positive
1216,SUP2_YEAST,0.23,0.29,0.46,0.0,0.5,0.0,0.43,0.31,Positive
1217,RS4_YEAST,0.25,0.48,0.45,0.32,0.5,0.0,0.4,0.22,Positive
1218,RS11_YEAST,0.38,0.34,0.55,0.44,0.5,0.0,0.48,0.26,Positive
1220,ADR6_YEAST,0.48,0.17,0.37,0.33,0.5,0.0,0.44,0.36,Positive
1221,SWI3_YEAST,0.47,0.47,0.5,0.19,0.5,0.0,0.51,0.26,Positive
1222,SWI4_YEAST,0.55,0.38,0.52,0.16,0.5,0.0,0.49,0.64,Positive
1223,SWI5_YEAST,0.41,0.39,0.61,0.17,0.5,0.0,0.5,0.61,Positive
1224,SWI6_YEAST,0.41,0.56,0.53,0.16,0.5,0.0,0.55,0.26,Positive
1227,TAL1_YEAST,0.63,0.64,0.49,0.2,0.5,0.0,0.52,0.25,Positive
1229,TBF1_YEAST,0.44,0.65,0.49,0.16,0.5,0.0,0.48,0.31,Positive
1230,RL3_YEAST,0.48,0.44,0.46,0.37,0.5,0.0,0.46,0.36,Positive
1231,TCPA_YEAST,0.5,0.49,0.46,0.22,0.5,0.0,0.53,0.25,Positive
1232,TCPE_YEAST,0.62,0.42,0.47,0.16,0.5,0.0,0.52,0.22,Positive
1233,TCPB_YEAST,0.5,0.45,0.52,0.18,0.5,0.0,0.52,0.22,Positive
1234,TCPG_YEAST,0.59,0.51,0.47,0.21,0.5,0.0,0.47,0.22,Positive
1235,TCPD_YEAST,0.39,0.47,0.49,0.2,0.5,0.0,0.53,0.26,Positive
1236,TCPZ_YEAST,0.49,0.48,0.52,0.24,0.5,0.0,0.5,0.22,Positive
1237,G3P1_YEAST,0.59,0.48,0.49,0.42,0.5,0.0,0.52,0.22,Positive
1238,G3P2_YEAST,0.57,0.35,0.5,0.43,0.5,0.0,0.53,0.22,Positive
1239,G3P3_YEAST,0.61,0.52,0.5,0.44,0.5,0.0,0.53,0.22,Positive
1240,TF3B_YEAST,0.49,0.51,0.52,0.13,0.5,0.0,0.51,0.33,Positive
1241,TEC1_YEAST,0.45,0.4,0.56,0.15,0.5,0.0,0.52,0.22,Positive
1242,EF1A_YEAST,0.63,0.43,0.48,0.11,0.5,0.0,0.51,0.22,Positive
1243,EF1A_YEAST,0.63,0.43,0.48,0.11,0.5,0.0,0.51,0.22,Positive
1244,EF1G_YEAST,0.52,0.45,0.53,0.34,0.5,0.0,0.52,0.44,Positive
1245,EF1H_YEAST,0.54,0.48,0.55,0.33,0.5,0.0,0.55,0.4,Positive
1246,T2EA_YEAST,0.55,0.79,0.45,0.25,0.5,0.0,0.51,0.22,Positive
1247,YK42_YEAST,0.58,0.51,0.63,0.2,0.5,0.0,0.5,0.42,Positive
1248,TFB1_YEAST,0.63,0.58,0.57,0.1,0.5,0.0,0.52,0.33,Positive
1249,TFC1_YEAST,0.54,0.67,0.56,0.15,0.5,0.0,0.57,0.33,Positive
1250,TF3A_YEAST,0.41,0.59,0.65,0.14,0.5,0.0,0.49,0.33,Positive
1251,TFC3_YEAST,0.47,0.38,0.5,0.15,0.5,0.0,0.49,0.47,Positive
1252,TFC4_YEAST,0.33,0.17,0.52,0.13,0.5,0.0,0.51,0.75,Positive
1253,DKA1_YEAST,0.42,0.5,0.59,0.17,0.5,0.0,0.51,0.22,Positive
1254,THRC_YEAST,0.54,0.55,0.55,0.4,0.5,0.0,0.53,0.22,Positive
1255,SYTC_YEAST,0.31,0.31,0.57,0.15,0.5,0.0,0.5,0.22,Positive
1256,IF4A_YEAST,0.38,0.42,0.5,0.19,0.5,0.0,0.44,0.22,Positive
1257,IF1A_YEAST,0.33,0.36,0.62,0.26,0.5,0.0,0.55,0.22,Positive
1258,IF4A_YEAST,0.38,0.42,0.5,0.19,0.5,0.0,0.44,0.22,Positive
1259,TIF3_YEAST,0.47,0.56,0.58,0.19,0.5,0.0,0.44,0.64,Positive
1260,IF41_YEAST,0.32,0.32,0.52,0.18,0.5,0.0,0.48,0.34,Positive
1261,IF42_YEAST,0.28,0.27,0.5,0.14,0.5,0.0,0.5,0.28,Positive
1262,IF5_YEAST,0.41,0.46,0.57,0.25,0.5,0.0,0.57,0.38,Positive
1263,IF52_YEAST,0.44,0.54,0.51,0.16,0.5,0.0,0.58,0.22,Positive
1264,IF51_YEAST,0.44,0.55,0.51,0.16,0.5,0.0,0.6,0.22,Positive
1266,TP20_YEAST,0.4,0.56,0.53,0.15,0.5,0.0,0.49,0.22,Positive
1269,TKT1_YEAST,0.58,0.55,0.51,0.13,0.5,0.0,0.52,0.22,Positive
1270,TKT2_YEAST,0.55,0.69,0.51,0.12,0.5,0.0,0.51,0.22,Positive
1271,TYSY_YEAST,0.47,0.46,0.53,0.12,0.5,0.0,0.51,0.25,Positive
1272,TOA1_YEAST,0.57,0.29,0.63,0.22,0.5,0.0,0.49,0.27,Positive
1273,TOA2_YEAST,0.52,0.49,0.59,0.21,0.5,0.0,0.47,0.22,Positive
1274,TOP1_YEAST,0.41,0.42,0.53,0.17,0.5,0.0,0.48,0.58,Positive
1275,TOP2_YEAST,0.45,0.36,0.5,0.19,0.5,0.0,0.53,0.7,Positive
1276,TOP3_YEAST,0.53,0.51,0.54,0.21,0.5,0.0,0.45,0.22,Positive
1277,TOR2_YEAST,0.49,0.5,0.42,0.43,0.5,0.0,0.5,0.36,negative
1278,TPIS_YEAST,0.44,0.49,0.49,0.27,0.5,0.0,0.52,0.22,Positive
1279,KAPA_YEAST,0.25,0.26,0.53,0.17,0.5,0.0,0.45,0.22,Positive
1280,KAPB_YEAST,0.49,0.46,0.54,0.18,0.5,0.0,0.35,0.22,Positive
1281,KAPC_YEAST,0.42,0.37,0.54,0.17,0.5,0.0,0.51,0.22,Positive
1282,TPM1_YEAST,0.42,0.45,0.75,0.21,0.5,0.0,0.48,0.22,Positive
1283,TPM2_YEAST,0.39,0.45,0.75,0.17,0.5,0.0,0.51,0.22,Positive
1284,TPS1_YEAST,0.63,0.54,0.53,0.27,0.5,0.0,0.49,0.22,Positive
1285,TPS2_YEAST,0.54,0.43,0.48,0.27,0.5,0.0,0.44,0.41,Positive
1286,TPS3_YEAST,0.4,0.44,0.5,0.13,0.5,0.0,0.52,0.39,Positive
1289,TRNL_YEAST,0.49,0.38,0.49,0.15,0.5,0.0,0.53,0.25,Positive
1291,TRPF_YEAST,0.62,0.6,0.54,0.22,0.5,0.0,0.54,0.27,Positive
1292,TRPE_YEAST,0.33,0.46,0.53,0.12,0.5,0.0,0.5,0.27,Positive
1293,TRPG_YEAST,0.57,0.36,0.51,0.25,0.5,0.0,0.54,0.25,Positive
1294,TRPD_YEAST,0.45,0.76,0.51,0.25,0.5,0.0,0.59,0.22,Positive
1295,TRP_YEAST,0.48,0.44,0.51,0.24,0.5,0.0,0.49,0.22,Positive
1296,TSA_YEAST,0.59,0.64,0.44,0.26,0.5,0.0,0.5,0.22,Positive
1297,TSL1_YEAST,0.79,0.56,0.53,0.19,0.5,0.0,0.47,0.35,Positive
1298,TSM1_YEAST,0.5,0.5,0.48,0.34,0.5,0.0,0.52,0.27,Positive
1300,GLRX_YEAST,0.52,0.5,0.6,0.2,0.5,0.0,0.52,0.22,Positive
1301,TBA1_YEAST,0.59,0.46,0.57,0.17,0.5,0.0,0.52,0.22,Positive
1302,TBB_YEAST,0.53,0.42,0.53,0.19,0.5,0.0,0.47,0.22,Positive
1303,TBA3_YEAST,0.59,0.46,0.55,0.17,0.5,0.0,0.52,0.25,Positive
1305,TUP1_YEAST,0.5,0.43,0.56,0.17,0.5,0.0,0.35,0.22,Positive
1306,TYE7_YEAST,0.36,0.52,0.61,0.33,0.5,0.0,0.52,0.37,Positive
1307,TYR1_YEAST,0.66,0.54,0.53,0.17,0.5,0.0,0.54,0.22,Positive
1308,UBA1_YEAST,0.52,0.51,0.48,0.12,0.5,0.0,0.54,0.31,Positive
1309,UBC1_YEAST,0.56,0.46,0.51,0.25,0.5,0.0,0.54,0.22,Positive
1310,UBC4_YEAST,0.47,0.46,0.49,0.27,0.5,0.0,0.59,0.22,Positive
1311,UBC5_YEAST,0.5,0.46,0.49,0.27,0.5,0.0,0.6,0.22,Positive
1313,UBC7_YEAST,0.5,0.44,0.57,0.28,0.5,0.0,0.57,0.22,Positive
1314,UBIQ_YEAST,0.46,0.47,0.62,0.3,0.5,0.0,0.38,0.22,Positive
1315,UBP1_YEAST,0.59,0.7,0.46,0.19,0.5,0.0,0.54,0.44,Positive
1316,UBP2_YEAST,0.19,0.41,0.55,0.13,0.5,0.0,0.52,0.25,Positive
1317,UBP3_YEAST,0.27,0.43,0.5,0.13,0.5,0.0,0.54,0.31,Positive
1318,UBR1_YEAST,0.42,0.46,0.44,0.17,0.5,0.0,0.51,0.42,Positive
1319,UGA3_YEAST,0.49,0.36,0.47,0.28,0.5,0.0,0.56,0.54,Positive
1321,UME5_YEAST,0.34,0.42,0.48,0.19,0.5,0.0,0.46,0.31,Positive
1322,UME6_YEAST,0.6,0.57,0.63,0.22,0.5,0.0,0.5,0.49,Positive
1323,UNG_YEAST,0.53,0.44,0.54,0.52,0.5,0.0,0.49,0.38,Positive
1324,PYRD_YEAST,0.48,0.39,0.56,0.23,0.5,0.0,0.6,0.22,Positive
1325,PYR1_YEAST,0.56,0.49,0.47,0.13,0.5,0.0,0.52,0.22,Positive
1326,UMPK_YEAST,0.47,0.59,0.56,0.09,0.5,0.0,0.5,0.22,Positive
1327,RL21_YEAST,0.4,0.28,0.58,0.44,0.5,0.0,0.41,0.22,Positive
1328,RSU2_YEAST,0.54,0.35,0.55,0.19,0.5,0.0,0.3,0.22,Positive
1330,YEU2_YEAST,0.55,0.49,0.6,0.18,0.5,0.0,0.51,0.22,Positive
1331,VAC1_YEAST,0.55,0.44,0.5,0.09,0.5,0.0,0.55,0.22,negative
1333,SYV_YEAST,0.51,0.49,0.48,0.55,0.5,0.0,0.52,0.58,Positive
1334,VATA_YEAST,0.36,0.51,0.51,0.17,0.5,0.0,0.52,0.22,negative
1335,VM11_YEAST,0.68,0.68,0.35,0.16,0.5,0.0,0.62,0.22,negative
1336,VATB_YEAST,0.44,0.35,0.55,0.14,0.5,0.0,0.52,0.22,negative
1337,VATL_YEAST,0.73,0.59,0.35,0.15,0.5,0.0,0.54,0.22,negative
1338,VATE_YEAST,0.6,0.37,0.52,0.15,0.5,0.0,0.55,0.26,negative
1339,VATC_YEAST,0.64,0.61,0.56,0.15,0.5,0.0,0.54,0.22,negative
1340,VATX_YEAST,0.48,0.58,0.58,0.12,0.5,0.0,0.49,0.22,negative
1341,VATF_YEAST,0.65,0.58,0.53,0.21,0.5,0.0,0.51,0.22,negative
1342,VATD_YEAST,0.48,0.49,0.49,0.26,0.5,0.0,0.39,0.27,negative
1343,VPH1_YEAST,0.57,0.54,0.32,0.15,0.5,0.0,0.52,0.25,negative
1344,VM12_YEAST,0.4,0.36,0.32,0.16,0.5,0.0,0.51,0.27,negative
1345,VPS1_YEAST,0.5,0.55,0.52,0.16,0.5,0.0,0.51,0.31,Positive
1346,VP15_YEAST,0.65,0.63,0.47,0.22,0.5,0.0,0.52,0.27,Positive
1347,VP16_YEAST,0.41,0.48,0.51,0.2,0.5,0.0,0.51,0.22,Positive
1348,VP17_YEAST,0.25,0.4,0.54,0.16,0.5,0.0,0.43,0.22,Positive
1349,YP51_YEAST,0.63,0.56,0.52,0.21,0.5,0.0,0.5,0.22,Positive
1350,SLP1_YEAST,0.56,0.68,0.42,0.36,0.5,0.0,0.49,0.22,Positive
1351,VP34_YEAST,0.57,0.47,0.48,0.17,0.5,0.0,0.52,0.26,negative
1352,VP45_YEAST,0.46,0.52,0.51,0.13,0.5,0.0,0.47,0.22,Positive
1353,VRP1_YEAST,0.5,0.4,0.57,0.17,0.5,0.0,0.59,0.22,Positive
1355,XRS2_YEAST,0.64,0.56,0.52,0.17,0.5,0.0,0.54,0.47,Positive
1359,YAB9_YEAST,0.4,0.45,0.45,0.15,0.5,0.0,0.53,0.48,Positive
1362,YAF1_YEAST,0.45,0.51,0.43,0.22,0.5,0.0,0.57,0.22,Positive
1366,PDR4_YEAST,0.57,0.53,0.6,0.28,0.5,0.0,0.52,0.45,Positive
1367,AP17_YEAST,0.53,0.52,0.49,0.27,0.5,0.0,0.51,0.22,Positive
1368,AP19_YEAST,0.5,0.47,0.56,0.31,0.5,0.0,0.56,0.26,Positive
1374,YBC4_YEAST,0.32,0.3,0.57,0.38,0.5,0.0,0.5,0.25,Positive
1376,YBG6_YEAST,0.28,0.41,0.46,0.18,0.5,0.0,0.47,0.39,Positive
1378,RL3P_YEAST,0.24,0.25,0.57,0.28,0.5,0.0,0.51,0.11,Positive
1382,YB00_YEAST,0.25,0.41,0.47,0.14,0.5,0.0,0.56,0.68,Positive
1384,YB32_YEAST,0.4,0.44,0.47,0.25,0.5,0.0,0.54,0.56,Positive
1387,YB48_YEAST,0.29,0.39,0.46,0.36,0.5,0.0,0.51,0.22,Positive
1388,YB54_YEAST,0.4,0.4,0.43,0.19,0.5,0.83,0.48,0.22,Positive
1389,YB72_YEAST,0.57,0.52,0.46,0.2,0.5,0.83,0.52,0.41,Positive
1396,YCK2_YEAST,0.59,0.48,0.49,0.49,0.5,0.0,0.36,0.32,Positive
1409,YCW2_YEAST,0.54,0.54,0.56,0.18,0.5,0.0,0.46,0.29,Positive
1412,YCZ6_YEAST,0.58,0.44,0.45,0.32,0.5,0.0,0.52,0.37,Positive
1414,MAS5_YEAST,0.64,0.44,0.56,0.15,0.5,0.0,0.56,0.22,Positive
1415,EF3_YEAST,0.48,0.58,0.47,0.17,0.5,0.0,0.53,0.74,Positive
1418,YE14_YEAST,0.4,0.4,0.44,0.37,0.5,0.0,0.53,0.25,Positive
1422,YHA9_YEAST,0.47,0.4,0.63,0.19,0.5,0.0,0.52,0.32,Positive
1425,RIMI_YEAST,0.33,0.38,0.47,0.14,0.5,0.0,0.51,0.47,Positive
1435,YHP0_YEAST,0.38,0.44,0.57,0.14,0.5,0.0,0.53,0.52,Positive
1441,YHX8_YEAST,0.4,0.43,0.49,0.17,0.5,0.0,0.51,0.36,Positive
1442,YHY0_YEAST,0.82,0.63,0.47,0.18,0.5,0.0,0.5,0.22,Positive
1446,YIF2_YEAST,0.47,0.5,0.6,0.63,0.5,0.0,0.38,0.16,Positive
1447,YIG3_YEAST,0.34,0.24,0.51,0.15,0.5,0.0,0.54,0.4,Positive
1448,YIN0_YEAST,0.35,0.29,0.46,0.14,0.5,0.0,0.54,0.66,Positive
1451,YKJ5_YEAST,0.36,0.48,0.61,0.26,0.5,0.0,0.5,0.16,Positive
1452,YKA5_YEAST,0.41,0.25,0.59,0.44,0.5,0.0,0.6,0.69,Positive
1454,MAOX_YEAST,0.57,0.59,0.49,0.86,0.5,0.0,0.47,0.22,Positive
1455,YKD8_YEAST,0.38,0.4,0.39,0.19,0.5,0.0,0.46,0.62,Positive
1457,TCTP_YEAST,0.47,0.38,0.58,0.19,0.5,0.0,0.57,0.22,Positive
1459,YKM9_YEAST,0.41,0.45,0.46,0.23,0.5,0.0,0.5,0.7,Positive
1461,YKS8_YEAST,0.74,0.75,0.45,0.44,0.5,0.0,0.52,0.22,Positive
1463,YKW2_YEAST,0.41,0.47,0.5,0.14,0.5,0.0,0.53,0.37,Positive
1464,YKY8_YEAST,0.25,0.4,0.52,0.15,0.5,0.0,0.56,0.28,Positive
1465,YK44_YEAST,0.58,0.56,0.38,0.39,0.5,0.0,0.54,0.57,Positive
1467,RL13_YEAST,0.38,0.48,0.57,0.3,0.5,0.0,0.41,0.11,Positive
1472,YOX1_YEAST,0.59,0.67,0.54,0.19,0.5,0.0,0.48,0.6,Positive
1473,YPT1_YEAST,0.6,0.61,0.54,0.11,0.5,0.0,0.46,0.22,Positive
1474,YP52_YEAST,0.48,0.61,0.57,0.17,0.5,0.0,0.45,0.22,Positive
1475,YP53_YEAST,0.71,0.5,0.5,0.18,0.5,0.0,0.46,0.22,Positive
1476,YPT7_YEAST,0.61,0.48,0.54,0.25,0.5,0.0,0.5,0.22,Positive
1477,R29A_YEAST,0.38,0.32,0.64,0.41,0.5,0.0,0.44,0.11,Positive
1478,R29B_YEAST,0.38,0.4,0.66,0.35,0.5,0.0,0.43,0.11,Positive
1480,ZIP1_YEAST,0.47,0.43,0.61,0.4,0.5,0.0,0.48,0.47,Positive
1482,ZUO1_YEAST,0.43,0.4,0.6,0.16,0.5,0.0,0.53,0.39,Positive
1483,G6PD_YEAST,0.65,0.54,0.54,0.13,0.5,0.0,0.53,0.22,Positive
